-- MySQL dump 10.13  Distrib 8.0.40, for Win64 (x86_64)
--
-- Host: localhost    Database: event_reviewdb
-- ------------------------------------------------------
-- Server version	8.0.40

/*!40101 SET @OLD_CHARACTER_SET_CLIENT=@@CHARACTER_SET_CLIENT */;
/*!40101 SET @OLD_CHARACTER_SET_RESULTS=@@CHARACTER_SET_RESULTS */;
/*!40101 SET @OLD_COLLATION_CONNECTION=@@COLLATION_CONNECTION */;
/*!50503 SET NAMES utf8mb4 */;
/*!40103 SET @OLD_TIME_ZONE=@@TIME_ZONE */;
/*!40103 SET TIME_ZONE='+00:00' */;
/*!40014 SET @OLD_UNIQUE_CHECKS=@@UNIQUE_CHECKS, UNIQUE_CHECKS=0 */;
/*!40014 SET @OLD_FOREIGN_KEY_CHECKS=@@FOREIGN_KEY_CHECKS, FOREIGN_KEY_CHECKS=0 */;
/*!40101 SET @OLD_SQL_MODE=@@SQL_MODE, SQL_MODE='NO_AUTO_VALUE_ON_ZERO' */;
/*!40111 SET @OLD_SQL_NOTES=@@SQL_NOTES, SQL_NOTES=0 */;

--
-- Table structure for table `eventanalytics`
--

DROP TABLE IF EXISTS `eventanalytics`;
/*!40101 SET @saved_cs_client     = @@character_set_client */;
/*!50503 SET character_set_client = utf8mb4 */;
CREATE TABLE `eventanalytics` (
  `id` int NOT NULL AUTO_INCREMENT,
  `event_id` int NOT NULL,
  `attendance_data` text,
  `satisfaction_data` text,
  `rating_breakdown` text,
  `engagement_over_time` text,
  `ai_insights` text,
  `sentiment_positive_count` int DEFAULT '0',
  `sentiment_neutral_count` int DEFAULT '0',
  `sentiment_negative_count` int DEFAULT '0',
  `total_reviews` int DEFAULT '0',
  `average_rating` float DEFAULT '0',
  `total_attendance` int DEFAULT '0',
  `createdAt` datetime NOT NULL,
  `updatedAt` datetime NOT NULL,
  PRIMARY KEY (`id`),
  KEY `event_id` (`event_id`),
  CONSTRAINT `eventanalytics_ibfk_1` FOREIGN KEY (`event_id`) REFERENCES `events` (`id`) ON DELETE CASCADE ON UPDATE CASCADE,
  CONSTRAINT `eventanalytics_ibfk_2` FOREIGN KEY (`event_id`) REFERENCES `events` (`id`) ON DELETE CASCADE ON UPDATE CASCADE,
  CONSTRAINT `eventanalytics_ibfk_3` FOREIGN KEY (`event_id`) REFERENCES `events` (`id`) ON DELETE CASCADE ON UPDATE CASCADE,
  CONSTRAINT `eventanalytics_ibfk_4` FOREIGN KEY (`event_id`) REFERENCES `events` (`id`) ON DELETE CASCADE ON UPDATE CASCADE,
  CONSTRAINT `eventanalytics_ibfk_5` FOREIGN KEY (`event_id`) REFERENCES `events` (`id`) ON DELETE CASCADE ON UPDATE CASCADE,
  CONSTRAINT `eventanalytics_ibfk_6` FOREIGN KEY (`event_id`) REFERENCES `events` (`id`) ON DELETE CASCADE ON UPDATE CASCADE,
  CONSTRAINT `eventanalytics_ibfk_7` FOREIGN KEY (`event_id`) REFERENCES `events` (`id`) ON DELETE CASCADE ON UPDATE CASCADE
) ENGINE=InnoDB DEFAULT CHARSET=utf8mb4 COLLATE=utf8mb4_0900_ai_ci;
/*!40101 SET character_set_client = @saved_cs_client */;

--
-- Dumping data for table `eventanalytics`
--

LOCK TABLES `eventanalytics` WRITE;
/*!40000 ALTER TABLE `eventanalytics` DISABLE KEYS */;
/*!40000 ALTER TABLE `eventanalytics` ENABLE KEYS */;
UNLOCK TABLES;

--
-- Table structure for table `events`
--

DROP TABLE IF EXISTS `events`;
/*!40101 SET @saved_cs_client     = @@character_set_client */;
/*!50503 SET character_set_client = utf8mb4 */;
CREATE TABLE `events` (
  `id` int NOT NULL AUTO_INCREMENT,
  `title` varchar(255) NOT NULL,
  `Date` varchar(255) NOT NULL,
  `Location` varchar(255) NOT NULL,
  `Description` varchar(255) NOT NULL,
  `Username` varchar(255) NOT NULL,
  `createdAt` datetime NOT NULL,
  `updatedAt` datetime NOT NULL,
  `time` time NOT NULL,
  `category` varchar(255) NOT NULL,
  `image` varchar(255) DEFAULT NULL,
  `price` decimal(10,2) NOT NULL DEFAULT '0.00',
  `isPaid` tinyint(1) NOT NULL DEFAULT '0',
  `ticketsAvailable` int DEFAULT NULL,
  `registrationDeadline` datetime DEFAULT NULL,
  `maxRegistrations` int DEFAULT NULL,
  `minRegistrations` int DEFAULT '1',
  `status` CHECK('active','cancelled','completed','draft') DEFAULT 'active',
  `userId` int DEFAULT NULL,
  PRIMARY KEY (`id`),
  KEY `Events_userId_foreign_idx` (`userId`),
  CONSTRAINT `Events_userId_foreign_idx` FOREIGN KEY (`userId`) REFERENCES `users` (`id`)
) ENGINE=InnoDB AUTO_INCREMENT=120 DEFAULT CHARSET=utf8mb4 COLLATE=utf8mb4_0900_ai_ci;
/*!40101 SET character_set_client = @saved_cs_client */;

--
-- Dumping data for table `events`
--

LOCK TABLES `events` WRITE;
/*!40000 ALTER TABLE `events` DISABLE KEYS */;
INSERT INTO `events` VALUES (102,'Tech Innovators Conference','2025-03-20','Cape Town International Convention Centre','The event was well-organized, with clear schedules and great facilities. Highly recommend it for tech professionals looking to stay ahead in the industry.','Thandi','2025-03-19 13:02:06','2025-03-27 07:08:10','00:00:00','Conference','/uploads/events/event-1742389326210.jpg',0.00,0,NULL,NULL,NULL,1,'active',NULL),(104,'Tech Conference 2027','2025-03-31','Cape Town Convention Center','A global tech conference featuring AI and cybersecurity experts.','Thandi','2025-03-20 14:00:51','2025-03-24 07:34:25','12:00:00','Conference','/uploads/events/event-1742479251759.jpg',0.00,0,NULL,NULL,NULL,1,'active',NULL),(105,'Startup Pitch Night','2025-03-29','The Innovation Hub','A networking event for entrepreneurs to pitch their startups.','Thandi','2025-03-20 18:49:46','2025-03-20 18:49:46','08:25:00','Education','/uploads/events/event-1742496586727.jpg',0.00,0,NULL,NULL,NULL,1,'active',NULL),(106,'Marathon 2025','2025-04-02','Sea Point Promenade','Annual marathon event for fitness enthusiasts.','Lee','2025-03-20 19:01:53','2025-03-20 19:01:53','12:00:00','Fitness','/uploads/events/event-1742497313817.jpg',0.00,0,NULL,NULL,NULL,1,'active',NULL),(107,'AI Workshop','2025-03-25','Online','Hands-on workshop on building AI-powered applications.','Lee','2025-03-20 19:13:05','2025-03-20 19:13:05','10:00:00','Education','/uploads/events/event-1742497985200.jpg',0.00,0,NULL,NULL,NULL,1,'active',NULL),(108,'Film Screening: Indie Shorts','2025-03-20','Captain Marvel 12A Dumbo PGo','An evening showcasing award-winning independent short films.','Lee','2025-03-20 19:19:56','2025-03-20 19:19:56','18:00:00','Entertainment','/uploads/events/event-1742498396075.jpg',0.00,0,NULL,NULL,NULL,1,'active',NULL),(109,'Food and Wine Expo','2025-03-24','Cape Town International Convention Centre','Taste the best wines and gourmet foods from around the world.','Lee','2025-03-20 19:31:41','2025-03-20 19:31:41','01:00:00','Fundraising','/uploads/events/event-1742499101863.jpg',0.00,0,NULL,NULL,NULL,1,'active',NULL),(110,'Web Summit 2025','2025-02-12','Lisbon, Portugal','One of the largest tech conferences in the world, bringing together startups, investors, and industry leaders to discuss the future of technology, AI, and digital innovation.','Lee','2025-03-25 12:18:13','2025-03-25 12:18:13','09:00:00','Conference','/uploads/events/event-1742905093579.jpg',0.00,0,NULL,NULL,NULL,1,'active',NULL),(111,'Google I/O','2025-04-23','USA, Calfornia','Google’s annual developer conference showcasing new technologies, product updates, and workshops for developers.','Lee','2025-03-25 12:20:41','2025-03-25 12:20:41','21:00:00','Seminar','/uploads/events/event-1742905241525.png',0.00,0,NULL,NULL,NULL,1,'active',NULL),(112,'Consumer Electronics Show','2024-12-12','USA, Navada','A premier tech event focusing on consumer electronics, showcasing the latest gadgets, IoT devices, and innovations in robotics, smart home technology, and autonomous vehicles.','Lee','2025-03-25 12:23:14','2025-03-25 12:23:14','12:00:00','Workshop','/uploads/events/event-1742905394190.jpg',0.00,0,NULL,NULL,NULL,1,'active',NULL),(113,'AWS re:Invent ','2025-05-21','Western Cape','Amazon Web Services\' annual cloud computing conference, featuring keynotes, training sessions, and hands-on labs for cloud professionals.','Lee','2025-03-25 12:26:02','2025-03-25 12:26:02','12:00:00','Education','/uploads/events/event-1742905562941.png',0.00,0,NULL,NULL,NULL,1,'active',NULL),(114,'Pycon Africa 2025','2025-05-08','Ghana, Accra','A regional Python conference bringing together Python enthusiasts, developers, and researchers from across Africa and beyond.','Lee','2025-03-25 12:27:57','2025-03-25 12:27:57','12:00:00','Conference','/uploads/events/event-1742905677935.jpg',0.00,0,NULL,NULL,NULL,1,'active',NULL),(115,'Tech Innovation Summit 2025','2025-03-31','Cape Town International Convention Centre (CTICC)','A one-day summit bringing together tech enthusiasts, industry leaders, and innovative startups to discuss emerging trends in AI, cybersecurity, blockchain, and software development.','Lee','2025-03-26 07:40:47','2025-03-26 07:40:47','10:00:00','Entertainment','/uploads/events/event-1742974847954.jpg',0.00,0,NULL,NULL,NULL,1,'active',NULL),(116,'AI Future Trends Summit 2025','2025-04-01','Salt River','The AI Future Trends Summit 2025 is a premier conference focused on the latest advancements in artificial intelligence and emerging technologies.','Thandi','2025-03-27 08:12:38','2025-03-27 08:12:38','12:00:00','Workshop','/uploads/events/event-1743063158416.jpg',0.00,0,NULL,NULL,NULL,1,'active',NULL),(117,'AI Future Trends Summit 2025','2025-04-02','Salt River','ttttttttttttttttttttttttttttttttttttttttttttttttttttttttttttttt','Thandi','2025-03-31 07:58:50','2025-03-31 09:08:56','10:00:00','Trade Show','/uploads/events/event-1743407930465.jpg',0.00,0,NULL,NULL,NULL,1,'active',NULL),(118,'Testing ','2025-04-03','Gxulu','bbbbbbbbbbbbbbbbbbbbbbbbbbbbbbb','Thandi','2025-03-31 11:30:15','2025-03-31 11:46:46','12:00:00','Charity','/uploads/events/event-1743420615203.jpg',0.00,0,NULL,NULL,NULL,1,'active',NULL),(119,'Isintu Siyabukwa','2025-05-21','Vezamandla Location','Yizani ngobuninzi benu bantwana bomgquba','Nilubone','2025-03-31 11:58:19','2025-03-31 19:16:19','22:06:00','Concert','/uploads/events/event-1743448579474.jpg',3000.00,1,100,'2025-04-05 00:00:00',NULL,1,'active',NULL);
/*!40000 ALTER TABLE `events` ENABLE KEYS */;
UNLOCK TABLES;

--
-- Table structure for table `notifications`
--

DROP TABLE IF EXISTS `notifications`;
/*!40101 SET @saved_cs_client     = @@character_set_client */;
/*!50503 SET character_set_client = utf8mb4 */;
CREATE TABLE `notifications` (
  `id` int NOT NULL AUTO_INCREMENT,
  `userId` int NOT NULL,
  `type` CHECK('event','review','update') NOT NULL,
  `message` varchar(255) DEFAULT NULL,
  `relatedId` int DEFAULT NULL,
  `isRead` tinyint(1) DEFAULT '0',
  `isAdminNotification` tinyint(1) DEFAULT '0',
  `createdAt` datetime DEFAULT CURRENT_TIMESTAMP,
  `updatedAt` datetime NOT NULL,
  PRIMARY KEY (`id`),
  KEY `userId` (`userId`),
  CONSTRAINT `notifications_ibfk_1` FOREIGN KEY (`userId`) REFERENCES `users` (`id`) ON DELETE CASCADE ON UPDATE CASCADE
) ENGINE=InnoDB AUTO_INCREMENT=632 DEFAULT CHARSET=utf8mb4 COLLATE=utf8mb4_0900_ai_ci;
/*!40101 SET character_set_client = @saved_cs_client */;

--
-- Dumping data for table `notifications`
--

LOCK TABLES `notifications` WRITE;
/*!40000 ALTER TABLE `notifications` DISABLE KEYS */;
INSERT INTO `notifications` VALUES (1,6,'review','New review for event \"Testing w\"',54,1,0,'2025-03-06 08:57:25','2025-03-06 11:11:48'),(2,1,'review','New review for event \"Testing w\"',54,0,0,'2025-03-06 08:57:25','2025-03-06 08:57:25'),(3,2,'review','New review for event \"Testing w\"',54,0,0,'2025-03-06 08:57:25','2025-03-06 08:57:25'),(4,3,'review','New review for event \"Testing w\"',54,0,0,'2025-03-06 08:57:25','2025-03-06 08:57:25'),(5,7,'review','New review for event \"Testing w\"',54,0,0,'2025-03-06 08:57:25','2025-03-06 08:57:25'),(6,8,'review','New review for event \"Testing w\"',54,0,0,'2025-03-06 08:57:25','2025-03-06 08:57:25'),(7,9,'review','New review for event \"Testing w\"',54,0,0,'2025-03-06 08:57:25','2025-03-06 08:57:25'),(8,10,'review','New review for event \"Testing w\"',54,1,0,'2025-03-06 08:57:25','2025-03-06 09:00:20'),(9,11,'review','New review for event \"Testing w\"',54,0,0,'2025-03-06 08:57:25','2025-03-06 08:57:25'),(10,14,'review','New review for event \"Testing w\"',54,0,0,'2025-03-06 08:57:25','2025-03-06 08:57:25'),(11,6,'review','New review for event \"Testing w\"',55,1,0,'2025-03-06 11:47:44','2025-03-08 11:59:25'),(12,1,'review','New review for event \"Testing w\"',55,0,0,'2025-03-06 11:47:44','2025-03-06 11:47:44'),(13,2,'review','New review for event \"Testing w\"',55,0,0,'2025-03-06 11:47:44','2025-03-06 11:47:44'),(14,3,'review','New review for event \"Testing w\"',55,0,0,'2025-03-06 11:47:44','2025-03-06 11:47:44'),(15,7,'review','New review for event \"Testing w\"',55,0,0,'2025-03-06 11:47:44','2025-03-06 11:47:44'),(16,8,'review','New review for event \"Testing w\"',55,0,0,'2025-03-06 11:47:44','2025-03-06 11:47:44'),(17,9,'review','New review for event \"Testing w\"',55,0,0,'2025-03-06 11:47:44','2025-03-06 11:47:44'),(18,10,'review','New review for event \"Testing w\"',55,1,0,'2025-03-06 11:47:44','2025-03-22 14:33:52'),(19,11,'review','New review for event \"Testing w\"',55,0,0,'2025-03-06 11:47:44','2025-03-06 11:47:44'),(20,14,'review','New review for event \"Testing w\"',55,0,0,'2025-03-06 11:47:44','2025-03-06 11:47:44'),(21,6,'review','New review for event \"JAZZ\"',56,1,0,'2025-03-06 12:19:21','2025-03-06 12:21:10'),(22,1,'review','New review for event \"JAZZ\"',56,0,0,'2025-03-06 12:19:21','2025-03-06 12:19:21'),(23,2,'review','New review for event \"JAZZ\"',56,0,0,'2025-03-06 12:19:21','2025-03-06 12:19:21'),(24,3,'review','New review for event \"JAZZ\"',56,0,0,'2025-03-06 12:19:21','2025-03-06 12:19:21'),(25,7,'review','New review for event \"JAZZ\"',56,0,0,'2025-03-06 12:19:21','2025-03-06 12:19:21'),(26,8,'review','New review for event \"JAZZ\"',56,0,0,'2025-03-06 12:19:21','2025-03-06 12:19:21'),(27,9,'review','New review for event \"JAZZ\"',56,0,0,'2025-03-06 12:19:21','2025-03-06 12:19:21'),(28,10,'review','New review for event \"JAZZ\"',56,1,0,'2025-03-06 12:19:21','2025-03-22 14:33:53'),(29,11,'review','New review for event \"JAZZ\"',56,0,0,'2025-03-06 12:19:21','2025-03-06 12:19:21'),(30,14,'review','New review for event \"JAZZ\"',56,0,0,'2025-03-06 12:19:21','2025-03-06 12:19:21'),(31,6,'review','New review for event \"JAZZ\"',56,1,0,'2025-03-06 12:25:55','2025-03-08 11:59:30'),(32,1,'review','New review for event \"JAZZ\"',56,0,0,'2025-03-06 12:25:55','2025-03-06 12:25:55'),(33,2,'review','New review for event \"JAZZ\"',56,0,0,'2025-03-06 12:25:55','2025-03-06 12:25:55'),(34,3,'review','New review for event \"JAZZ\"',56,0,0,'2025-03-06 12:25:55','2025-03-06 12:25:55'),(35,7,'review','New review for event \"JAZZ\"',56,0,0,'2025-03-06 12:25:55','2025-03-06 12:25:55'),(36,8,'review','New review for event \"JAZZ\"',56,0,0,'2025-03-06 12:25:55','2025-03-06 12:25:55'),(37,9,'review','New review for event \"JAZZ\"',56,0,0,'2025-03-06 12:25:55','2025-03-06 12:25:55'),(38,10,'review','New review for event \"JAZZ\"',56,1,0,'2025-03-06 12:25:55','2025-03-22 14:33:54'),(39,11,'review','New review for event \"JAZZ\"',56,0,0,'2025-03-06 12:25:55','2025-03-06 12:25:55'),(40,14,'review','New review for event \"JAZZ\"',56,0,0,'2025-03-06 12:25:55','2025-03-06 12:25:55'),(41,6,'review','New review for event \"JAZZ\"',56,1,0,'2025-03-06 17:14:29','2025-03-08 11:59:46'),(42,1,'review','New review for event \"JAZZ\"',56,0,0,'2025-03-06 17:14:29','2025-03-06 17:14:29'),(43,2,'review','New review for event \"JAZZ\"',56,0,0,'2025-03-06 17:14:29','2025-03-06 17:14:29'),(44,3,'review','New review for event \"JAZZ\"',56,0,0,'2025-03-06 17:14:29','2025-03-06 17:14:29'),(45,7,'review','New review for event \"JAZZ\"',56,0,0,'2025-03-06 17:14:29','2025-03-06 17:14:29'),(46,8,'review','New review for event \"JAZZ\"',56,0,0,'2025-03-06 17:14:29','2025-03-06 17:14:29'),(47,9,'review','New review for event \"JAZZ\"',56,0,0,'2025-03-06 17:14:29','2025-03-06 17:14:29'),(48,10,'review','New review for event \"JAZZ\"',56,1,0,'2025-03-06 17:14:29','2025-03-22 14:33:58'),(49,11,'review','New review for event \"JAZZ\"',56,0,0,'2025-03-06 17:14:29','2025-03-06 17:14:29'),(50,14,'review','New review for event \"JAZZ\"',56,0,0,'2025-03-06 17:14:29','2025-03-06 17:14:29'),(51,6,'review','New review for event \"JAZZ\"',56,1,0,'2025-03-06 17:32:23','2025-03-08 11:59:48'),(52,1,'review','New review for event \"JAZZ\"',56,0,0,'2025-03-06 17:32:23','2025-03-06 17:32:23'),(53,2,'review','New review for event \"JAZZ\"',56,0,0,'2025-03-06 17:32:23','2025-03-06 17:32:23'),(54,3,'review','New review for event \"JAZZ\"',56,0,0,'2025-03-06 17:32:23','2025-03-06 17:32:23'),(55,7,'review','New review for event \"JAZZ\"',56,0,0,'2025-03-06 17:32:23','2025-03-06 17:32:23'),(56,8,'review','New review for event \"JAZZ\"',56,0,0,'2025-03-06 17:32:23','2025-03-06 17:32:23'),(57,9,'review','New review for event \"JAZZ\"',56,0,0,'2025-03-06 17:32:23','2025-03-06 17:32:23'),(58,10,'review','New review for event \"JAZZ\"',56,1,0,'2025-03-06 17:32:23','2025-03-22 14:33:59'),(59,11,'review','New review for event \"JAZZ\"',56,0,0,'2025-03-06 17:32:23','2025-03-06 17:32:23'),(60,14,'review','New review for event \"JAZZ\"',56,0,0,'2025-03-06 17:32:23','2025-03-06 17:32:23'),(61,6,'review','New review for event \"AI\"',57,1,0,'2025-03-06 17:40:25','2025-03-08 11:59:49'),(62,1,'review','New review for event \"AI\"',57,0,0,'2025-03-06 17:40:25','2025-03-06 17:40:25'),(63,2,'review','New review for event \"AI\"',57,0,0,'2025-03-06 17:40:25','2025-03-06 17:40:25'),(64,3,'review','New review for event \"AI\"',57,0,0,'2025-03-06 17:40:25','2025-03-06 17:40:25'),(65,7,'review','New review for event \"AI\"',57,0,0,'2025-03-06 17:40:25','2025-03-06 17:40:25'),(66,8,'review','New review for event \"AI\"',57,0,0,'2025-03-06 17:40:25','2025-03-06 17:40:25'),(67,9,'review','New review for event \"AI\"',57,0,0,'2025-03-06 17:40:25','2025-03-06 17:40:25'),(68,10,'review','New review for event \"AI\"',57,1,0,'2025-03-06 17:40:25','2025-03-22 14:34:00'),(69,11,'review','New review for event \"AI\"',57,0,0,'2025-03-06 17:40:25','2025-03-06 17:40:25'),(70,14,'review','New review for event \"AI\"',57,0,0,'2025-03-06 17:40:25','2025-03-06 17:40:25'),(71,8,'review','New review for event \"AI\"',57,0,0,'2025-03-07 11:33:18','2025-03-07 11:33:18'),(72,1,'review','New review for event \"AI\"',57,0,0,'2025-03-07 11:33:18','2025-03-07 11:33:18'),(73,2,'review','New review for event \"AI\"',57,0,0,'2025-03-07 11:33:18','2025-03-07 11:33:18'),(74,3,'review','New review for event \"AI\"',57,0,0,'2025-03-07 11:33:18','2025-03-07 11:33:18'),(75,6,'review','New review for event \"AI\"',57,1,0,'2025-03-07 11:33:18','2025-03-08 11:59:51'),(76,7,'review','New review for event \"AI\"',57,0,0,'2025-03-07 11:33:18','2025-03-07 11:33:18'),(77,9,'review','New review for event \"AI\"',57,0,0,'2025-03-07 11:33:18','2025-03-07 11:33:18'),(78,10,'review','New review for event \"AI\"',57,1,0,'2025-03-07 11:33:18','2025-03-22 14:34:00'),(79,11,'review','New review for event \"AI\"',57,0,0,'2025-03-07 11:33:18','2025-03-07 11:33:18'),(80,14,'review','New review for event \"AI\"',57,0,0,'2025-03-07 11:33:18','2025-03-07 11:33:18'),(81,6,'review','New review for event \"AI\"',57,1,0,'2025-03-07 11:36:25','2025-03-08 11:59:53'),(82,1,'review','New review for event \"AI\"',57,0,0,'2025-03-07 11:36:25','2025-03-07 11:36:25'),(83,2,'review','New review for event \"AI\"',57,0,0,'2025-03-07 11:36:25','2025-03-07 11:36:25'),(84,3,'review','New review for event \"AI\"',57,0,0,'2025-03-07 11:36:25','2025-03-07 11:36:25'),(85,7,'review','New review for event \"AI\"',57,0,0,'2025-03-07 11:36:25','2025-03-07 11:36:25'),(86,8,'review','New review for event \"AI\"',57,0,0,'2025-03-07 11:36:25','2025-03-07 11:36:25'),(87,9,'review','New review for event \"AI\"',57,0,0,'2025-03-07 11:36:25','2025-03-07 11:36:25'),(88,10,'review','New review for event \"AI\"',57,1,0,'2025-03-07 11:36:25','2025-03-22 14:34:00'),(89,11,'review','New review for event \"AI\"',57,0,0,'2025-03-07 11:36:25','2025-03-07 11:36:25'),(90,14,'review','New review for event \"AI\"',57,0,0,'2025-03-07 11:36:25','2025-03-07 11:36:25'),(91,6,'review','New review for event \"Testing w\"',59,1,0,'2025-03-07 12:29:43','2025-03-08 07:43:46'),(92,1,'review','New review for event \"Testing w\"',59,0,0,'2025-03-07 12:29:43','2025-03-07 12:29:43'),(93,2,'review','New review for event \"Testing w\"',59,0,0,'2025-03-07 12:29:43','2025-03-07 12:29:43'),(94,3,'review','New review for event \"Testing w\"',59,0,0,'2025-03-07 12:29:43','2025-03-07 12:29:43'),(95,7,'review','New review for event \"Testing w\"',59,0,0,'2025-03-07 12:29:43','2025-03-07 12:29:43'),(96,8,'review','New review for event \"Testing w\"',59,0,0,'2025-03-07 12:29:43','2025-03-07 12:29:43'),(97,9,'review','New review for event \"Testing w\"',59,0,0,'2025-03-07 12:29:43','2025-03-07 12:29:43'),(98,10,'review','New review for event \"Testing w\"',59,1,0,'2025-03-07 12:29:43','2025-03-22 14:34:00'),(99,11,'review','New review for event \"Testing w\"',59,0,0,'2025-03-07 12:29:43','2025-03-07 12:29:43'),(100,14,'review','New review for event \"Testing w\"',59,0,0,'2025-03-07 12:29:43','2025-03-07 12:29:43'),(101,6,'review','New review for event \"Testing \"',61,1,0,'2025-03-07 19:54:58','2025-03-08 11:02:51'),(102,1,'review','New review for event \"Testing \"',61,0,0,'2025-03-07 19:54:58','2025-03-07 19:54:58'),(103,2,'review','New review for event \"Testing \"',61,0,0,'2025-03-07 19:54:58','2025-03-07 19:54:58'),(104,3,'review','New review for event \"Testing \"',61,0,0,'2025-03-07 19:54:59','2025-03-07 19:54:59'),(105,7,'review','New review for event \"Testing \"',61,0,0,'2025-03-07 19:54:59','2025-03-07 19:54:59'),(106,8,'review','New review for event \"Testing \"',61,0,0,'2025-03-07 19:54:59','2025-03-07 19:54:59'),(107,9,'review','New review for event \"Testing \"',61,0,0,'2025-03-07 19:54:59','2025-03-07 19:54:59'),(108,10,'review','New review for event \"Testing \"',61,1,0,'2025-03-07 19:54:59','2025-03-22 14:34:00'),(109,11,'review','New review for event \"Testing \"',61,0,0,'2025-03-07 19:54:59','2025-03-07 19:54:59'),(110,14,'review','New review for event \"Testing \"',61,0,0,'2025-03-07 19:54:59','2025-03-07 19:54:59'),(111,6,'review','New review for event \"Testing \"',61,1,0,'2025-03-07 20:30:51','2025-03-08 11:02:53'),(112,1,'review','New review for event \"Testing \"',61,0,0,'2025-03-07 20:30:51','2025-03-07 20:30:51'),(113,2,'review','New review for event \"Testing \"',61,0,0,'2025-03-07 20:30:51','2025-03-07 20:30:51'),(114,3,'review','New review for event \"Testing \"',61,0,0,'2025-03-07 20:30:51','2025-03-07 20:30:51'),(115,7,'review','New review for event \"Testing \"',61,0,0,'2025-03-07 20:30:51','2025-03-07 20:30:51'),(116,8,'review','New review for event \"Testing \"',61,0,0,'2025-03-07 20:30:51','2025-03-07 20:30:51'),(117,9,'review','New review for event \"Testing \"',61,0,0,'2025-03-07 20:30:51','2025-03-07 20:30:51'),(118,10,'review','New review for event \"Testing \"',61,1,0,'2025-03-07 20:30:51','2025-03-22 14:34:00'),(119,11,'review','New review for event \"Testing \"',61,0,0,'2025-03-07 20:30:51','2025-03-07 20:30:51'),(120,14,'review','New review for event \"Testing \"',61,0,0,'2025-03-07 20:30:51','2025-03-07 20:30:51'),(121,6,'review','New review for event \"Testing \"',63,1,0,'2025-03-08 07:04:47','2025-03-08 07:43:40'),(122,1,'review','New review for event \"Testing \"',63,0,0,'2025-03-08 07:04:47','2025-03-08 07:04:47'),(123,2,'review','New review for event \"Testing \"',63,0,0,'2025-03-08 07:04:47','2025-03-08 07:04:47'),(124,3,'review','New review for event \"Testing \"',63,0,0,'2025-03-08 07:04:47','2025-03-08 07:04:47'),(125,7,'review','New review for event \"Testing \"',63,0,0,'2025-03-08 07:04:47','2025-03-08 07:04:47'),(126,8,'review','New review for event \"Testing \"',63,0,0,'2025-03-08 07:04:47','2025-03-08 07:04:47'),(127,9,'review','New review for event \"Testing \"',63,0,0,'2025-03-08 07:04:47','2025-03-08 07:04:47'),(128,10,'review','New review for event \"Testing \"',63,1,0,'2025-03-08 07:04:47','2025-03-22 14:34:00'),(129,11,'review','New review for event \"Testing \"',63,0,0,'2025-03-08 07:04:47','2025-03-08 07:04:47'),(130,14,'review','New review for event \"Testing \"',63,0,0,'2025-03-08 07:04:47','2025-03-08 07:04:47'),(131,6,'review','New review for event \"Testing \"',66,1,0,'2025-03-08 07:44:50','2025-03-08 11:02:54'),(132,1,'review','New review for event \"Testing \"',66,0,0,'2025-03-08 07:44:50','2025-03-08 07:44:50'),(133,2,'review','New review for event \"Testing \"',66,0,0,'2025-03-08 07:44:50','2025-03-08 07:44:50'),(134,3,'review','New review for event \"Testing \"',66,0,0,'2025-03-08 07:44:50','2025-03-08 07:44:50'),(135,7,'review','New review for event \"Testing \"',66,0,0,'2025-03-08 07:44:50','2025-03-08 07:44:50'),(136,8,'review','New review for event \"Testing \"',66,0,0,'2025-03-08 07:44:50','2025-03-08 07:44:50'),(137,9,'review','New review for event \"Testing \"',66,0,0,'2025-03-08 07:44:50','2025-03-08 07:44:50'),(138,10,'review','New review for event \"Testing \"',66,1,0,'2025-03-08 07:44:50','2025-03-22 14:34:00'),(139,11,'review','New review for event \"Testing \"',66,0,0,'2025-03-08 07:44:50','2025-03-08 07:44:50'),(140,14,'review','New review for event \"Testing \"',66,0,0,'2025-03-08 07:44:50','2025-03-08 07:44:50'),(141,6,'review','New review for event \"Testing w\"',74,1,0,'2025-03-08 11:38:19','2025-03-08 11:38:27'),(142,1,'review','New review for event \"Testing w\"',74,0,0,'2025-03-08 11:38:19','2025-03-08 11:38:19'),(143,2,'review','New review for event \"Testing w\"',74,0,0,'2025-03-08 11:38:19','2025-03-08 11:38:19'),(144,3,'review','New review for event \"Testing w\"',74,0,0,'2025-03-08 11:38:19','2025-03-08 11:38:19'),(145,7,'review','New review for event \"Testing w\"',74,0,0,'2025-03-08 11:38:19','2025-03-08 11:38:19'),(146,8,'review','New review for event \"Testing w\"',74,0,0,'2025-03-08 11:38:19','2025-03-08 11:38:19'),(147,9,'review','New review for event \"Testing w\"',74,0,0,'2025-03-08 11:38:19','2025-03-08 11:38:19'),(148,10,'review','New review for event \"Testing w\"',74,1,0,'2025-03-08 11:38:19','2025-03-22 14:34:00'),(149,11,'review','New review for event \"Testing w\"',74,0,0,'2025-03-08 11:38:19','2025-03-08 11:38:19'),(150,14,'review','New review for event \"Testing w\"',74,0,0,'2025-03-08 11:38:19','2025-03-08 11:38:19'),(151,6,'review','New review for event \"Testing w\"',86,1,0,'2025-03-08 12:48:41','2025-03-08 12:52:21'),(152,13,'event','New event created: Testing w',87,0,0,'2025-03-08 12:49:14','2025-03-08 12:49:14'),(153,1,'event','New event created: Testing w',87,0,0,'2025-03-08 12:49:14','2025-03-08 12:49:14'),(154,2,'event','New event created: Testing w',87,0,0,'2025-03-08 12:49:14','2025-03-08 12:49:14'),(155,3,'event','New event created: Testing w',87,0,0,'2025-03-08 12:49:14','2025-03-08 12:49:14'),(156,6,'event','New event created: Testing w',87,1,0,'2025-03-08 12:49:14','2025-03-08 12:52:17'),(157,7,'event','New event created: Testing w',87,0,0,'2025-03-08 12:49:14','2025-03-08 12:49:14'),(158,8,'event','New event created: Testing w',87,0,0,'2025-03-08 12:49:14','2025-03-08 12:49:14'),(159,9,'event','New event created: Testing w',87,0,0,'2025-03-08 12:49:14','2025-03-08 12:49:14'),(160,10,'event','New event created: Testing w',87,1,0,'2025-03-08 12:49:14','2025-03-22 14:34:00'),(161,11,'event','New event created: Testing w',87,0,0,'2025-03-08 12:49:14','2025-03-08 12:49:14'),(162,14,'event','New event created: Testing w',87,0,0,'2025-03-08 12:49:14','2025-03-08 12:49:14'),(163,13,'event','New event created: Music festival ',88,0,0,'2025-03-08 17:04:01','2025-03-08 17:04:01'),(164,1,'event','New event created: Music festival ',88,0,0,'2025-03-08 17:04:01','2025-03-08 17:04:01'),(165,2,'event','New event created: Music festival ',88,0,0,'2025-03-08 17:04:01','2025-03-08 17:04:01'),(166,3,'event','New event created: Music festival ',88,0,0,'2025-03-08 17:04:01','2025-03-08 17:04:01'),(167,6,'event','New event created: Music festival ',88,1,0,'2025-03-08 17:04:01','2025-03-08 17:04:43'),(168,7,'event','New event created: Music festival ',88,0,0,'2025-03-08 17:04:01','2025-03-08 17:04:01'),(169,8,'event','New event created: Music festival ',88,0,0,'2025-03-08 17:04:01','2025-03-08 17:04:01'),(170,9,'event','New event created: Music festival ',88,0,0,'2025-03-08 17:04:01','2025-03-08 17:04:01'),(171,10,'event','New event created: Music festival ',88,1,0,'2025-03-08 17:04:01','2025-03-22 14:34:00'),(172,11,'event','New event created: Music festival ',88,0,0,'2025-03-08 17:04:01','2025-03-08 17:04:01'),(173,14,'event','New event created: Music festival ',88,0,0,'2025-03-08 17:04:01','2025-03-08 17:04:01'),(174,6,'review','New review for event \"Music festival \"',88,1,0,'2025-03-09 09:20:46','2025-03-10 09:14:44'),(175,13,'event','New event created: tttttttttt',89,0,0,'2025-03-10 09:15:18','2025-03-10 09:15:18'),(176,1,'event','New event created: tttttttttt',89,0,0,'2025-03-10 09:15:18','2025-03-10 09:15:18'),(177,2,'event','New event created: tttttttttt',89,0,0,'2025-03-10 09:15:18','2025-03-10 09:15:18'),(178,3,'event','New event created: tttttttttt',89,0,0,'2025-03-10 09:15:18','2025-03-10 09:15:18'),(179,6,'event','New event created: tttttttttt',89,1,0,'2025-03-10 09:15:18','2025-03-10 09:42:50'),(180,7,'event','New event created: tttttttttt',89,0,0,'2025-03-10 09:15:18','2025-03-10 09:15:18'),(181,8,'event','New event created: tttttttttt',89,0,0,'2025-03-10 09:15:18','2025-03-10 09:15:18'),(182,9,'event','New event created: tttttttttt',89,0,0,'2025-03-10 09:15:18','2025-03-10 09:15:18'),(183,10,'event','New event created: tttttttttt',89,1,0,'2025-03-10 09:15:18','2025-03-22 14:34:00'),(184,11,'event','New event created: tttttttttt',89,0,0,'2025-03-10 09:15:18','2025-03-10 09:15:18'),(185,14,'event','New event created: tttttttttt',89,0,0,'2025-03-10 09:15:18','2025-03-10 09:15:18'),(186,13,'event','New event created: Testing w',90,0,0,'2025-03-10 09:39:58','2025-03-10 09:39:58'),(187,1,'event','New event created: Testing w',90,0,0,'2025-03-10 09:39:58','2025-03-10 09:39:58'),(188,2,'event','New event created: Testing w',90,0,0,'2025-03-10 09:39:58','2025-03-10 09:39:58'),(189,3,'event','New event created: Testing w',90,0,0,'2025-03-10 09:39:58','2025-03-10 09:39:58'),(190,6,'event','New event created: Testing w',90,1,0,'2025-03-10 09:39:58','2025-03-10 09:42:50'),(191,7,'event','New event created: Testing w',90,0,0,'2025-03-10 09:39:58','2025-03-10 09:39:58'),(192,8,'event','New event created: Testing w',90,0,0,'2025-03-10 09:39:58','2025-03-10 09:39:58'),(193,9,'event','New event created: Testing w',90,0,0,'2025-03-10 09:39:58','2025-03-10 09:39:58'),(194,10,'event','New event created: Testing w',90,1,0,'2025-03-10 09:39:58','2025-03-22 14:34:00'),(195,11,'event','New event created: Testing w',90,0,0,'2025-03-10 09:39:58','2025-03-10 09:39:58'),(196,14,'event','New event created: Testing w',90,0,0,'2025-03-10 09:39:58','2025-03-10 09:39:58'),(197,13,'event','New event created: Testing w',91,0,0,'2025-03-10 09:42:32','2025-03-10 09:42:32'),(198,1,'event','New event created: Testing w',91,0,0,'2025-03-10 09:42:32','2025-03-10 09:42:32'),(199,2,'event','New event created: Testing w',91,0,0,'2025-03-10 09:42:32','2025-03-10 09:42:32'),(200,3,'event','New event created: Testing w',91,0,0,'2025-03-10 09:42:32','2025-03-10 09:42:32'),(201,6,'event','New event created: Testing w',91,1,0,'2025-03-10 09:42:32','2025-03-10 09:42:50'),(202,7,'event','New event created: Testing w',91,0,0,'2025-03-10 09:42:32','2025-03-10 09:42:32'),(203,8,'event','New event created: Testing w',91,0,0,'2025-03-10 09:42:32','2025-03-10 09:42:32'),(204,9,'event','New event created: Testing w',91,0,0,'2025-03-10 09:42:32','2025-03-10 09:42:32'),(205,10,'event','New event created: Testing w',91,1,0,'2025-03-10 09:42:32','2025-03-22 14:34:00'),(206,11,'event','New event created: Testing w',91,0,0,'2025-03-10 09:42:32','2025-03-10 09:42:32'),(207,14,'event','New event created: Testing w',91,0,0,'2025-03-10 09:42:32','2025-03-10 09:42:32'),(208,13,'event','New event created: MT LOVE FOR YOU',92,0,0,'2025-03-10 09:54:28','2025-03-10 09:54:28'),(209,1,'event','New event created: MT LOVE FOR YOU',92,0,0,'2025-03-10 09:54:28','2025-03-10 09:54:28'),(210,2,'event','New event created: MT LOVE FOR YOU',92,0,0,'2025-03-10 09:54:28','2025-03-10 09:54:28'),(211,3,'event','New event created: MT LOVE FOR YOU',92,0,0,'2025-03-10 09:54:28','2025-03-10 09:54:28'),(212,6,'event','New event created: MT LOVE FOR YOU',92,1,0,'2025-03-10 09:54:28','2025-03-10 13:30:18'),(213,7,'event','New event created: MT LOVE FOR YOU',92,0,0,'2025-03-10 09:54:28','2025-03-10 09:54:28'),(214,8,'event','New event created: MT LOVE FOR YOU',92,0,0,'2025-03-10 09:54:28','2025-03-10 09:54:28'),(215,9,'event','New event created: MT LOVE FOR YOU',92,0,0,'2025-03-10 09:54:28','2025-03-10 09:54:28'),(216,10,'event','New event created: MT LOVE FOR YOU',92,1,0,'2025-03-10 09:54:28','2025-03-22 14:34:00'),(217,11,'event','New event created: MT LOVE FOR YOU',92,0,0,'2025-03-10 09:54:28','2025-03-10 09:54:28'),(218,14,'event','New event created: MT LOVE FOR YOU',92,0,0,'2025-03-10 09:54:28','2025-03-10 09:54:28'),(219,6,'review','New review for event \"Testing w\"',91,1,0,'2025-03-10 13:18:35','2025-03-10 13:30:18'),(220,13,'event','New event created: bbbbbbbbbb',93,0,0,'2025-03-10 13:28:42','2025-03-10 13:28:42'),(221,1,'event','New event created: bbbbbbbbbb',93,0,0,'2025-03-10 13:28:42','2025-03-10 13:28:42'),(222,2,'event','New event created: bbbbbbbbbb',93,0,0,'2025-03-10 13:28:42','2025-03-10 13:28:42'),(223,3,'event','New event created: bbbbbbbbbb',93,0,0,'2025-03-10 13:28:42','2025-03-10 13:28:42'),(224,6,'event','New event created: bbbbbbbbbb',93,1,0,'2025-03-10 13:28:42','2025-03-10 13:30:18'),(225,7,'event','New event created: bbbbbbbbbb',93,0,0,'2025-03-10 13:28:42','2025-03-10 13:28:42'),(226,8,'event','New event created: bbbbbbbbbb',93,0,0,'2025-03-10 13:28:42','2025-03-10 13:28:42'),(227,9,'event','New event created: bbbbbbbbbb',93,0,0,'2025-03-10 13:28:42','2025-03-10 13:28:42'),(228,10,'event','New event created: bbbbbbbbbb',93,1,0,'2025-03-10 13:28:42','2025-03-22 14:34:00'),(229,11,'event','New event created: bbbbbbbbbb',93,0,0,'2025-03-10 13:28:42','2025-03-10 13:28:42'),(230,14,'event','New event created: bbbbbbbbbb',93,0,0,'2025-03-10 13:28:42','2025-03-10 13:28:42'),(231,6,'review','New review for event \"bbbbbbbbbb\"',93,1,0,'2025-03-10 13:29:04','2025-03-10 13:30:18'),(232,13,'event','New event created: Coding Boot Camp',94,0,0,'2025-03-10 20:31:31','2025-03-10 20:31:31'),(233,1,'event','New event created: Coding Boot Camp',94,0,0,'2025-03-10 20:31:31','2025-03-10 20:31:31'),(234,2,'event','New event created: Coding Boot Camp',94,0,0,'2025-03-10 20:31:31','2025-03-10 20:31:31'),(235,3,'event','New event created: Coding Boot Camp',94,0,0,'2025-03-10 20:31:31','2025-03-10 20:31:31'),(236,6,'event','New event created: Coding Boot Camp',94,1,0,'2025-03-10 20:31:31','2025-03-25 13:02:58'),(237,7,'event','New event created: Coding Boot Camp',94,0,0,'2025-03-10 20:31:31','2025-03-10 20:31:31'),(238,8,'event','New event created: Coding Boot Camp',94,0,0,'2025-03-10 20:31:31','2025-03-10 20:31:31'),(239,9,'event','New event created: Coding Boot Camp',94,0,0,'2025-03-10 20:31:31','2025-03-10 20:31:31'),(240,10,'event','New event created: Coding Boot Camp',94,1,0,'2025-03-10 20:31:31','2025-03-22 14:34:00'),(241,11,'event','New event created: Coding Boot Camp',94,0,0,'2025-03-10 20:31:31','2025-03-10 20:31:31'),(242,14,'event','New event created: Coding Boot Camp',94,0,0,'2025-03-10 20:31:31','2025-03-10 20:31:31'),(243,13,'event','New event created: Esports Tournament',95,0,0,'2025-03-10 20:36:46','2025-03-10 20:36:46'),(244,1,'event','New event created: Esports Tournament',95,0,0,'2025-03-10 20:36:46','2025-03-10 20:36:46'),(245,2,'event','New event created: Esports Tournament',95,0,0,'2025-03-10 20:36:46','2025-03-10 20:36:46'),(246,3,'event','New event created: Esports Tournament',95,0,0,'2025-03-10 20:36:46','2025-03-10 20:36:46'),(247,6,'event','New event created: Esports Tournament',95,1,0,'2025-03-10 20:36:46','2025-03-25 13:02:58'),(248,7,'event','New event created: Esports Tournament',95,0,0,'2025-03-10 20:36:46','2025-03-10 20:36:46'),(249,8,'event','New event created: Esports Tournament',95,0,0,'2025-03-10 20:36:46','2025-03-10 20:36:46'),(250,9,'event','New event created: Esports Tournament',95,0,0,'2025-03-10 20:36:46','2025-03-10 20:36:46'),(251,10,'event','New event created: Esports Tournament',95,1,0,'2025-03-10 20:36:46','2025-03-22 14:34:00'),(252,11,'event','New event created: Esports Tournament',95,0,0,'2025-03-10 20:36:46','2025-03-10 20:36:46'),(253,14,'event','New event created: Esports Tournament',95,0,0,'2025-03-10 20:36:46','2025-03-10 20:36:46'),(254,6,'review','New review for event \"Coding Boot Camp\"',94,1,0,'2025-03-10 20:41:29','2025-03-25 13:02:58'),(255,19,'event','New event created: Tech Innovators Conference 2025',96,0,0,'2025-03-11 08:38:53','2025-03-11 08:38:53'),(256,1,'event','New event created: Tech Innovators Conference 2025',96,0,0,'2025-03-11 08:38:53','2025-03-11 08:38:53'),(257,2,'event','New event created: Tech Innovators Conference 2025',96,0,0,'2025-03-11 08:38:53','2025-03-11 08:38:53'),(258,3,'event','New event created: Tech Innovators Conference 2025',96,0,0,'2025-03-11 08:38:53','2025-03-11 08:38:53'),(259,6,'event','New event created: Tech Innovators Conference 2025',96,1,0,'2025-03-11 08:38:53','2025-03-25 13:02:58'),(260,7,'event','New event created: Tech Innovators Conference 2025',96,0,0,'2025-03-11 08:38:53','2025-03-11 08:38:53'),(261,8,'event','New event created: Tech Innovators Conference 2025',96,0,0,'2025-03-11 08:38:53','2025-03-11 08:38:53'),(262,9,'event','New event created: Tech Innovators Conference 2025',96,0,0,'2025-03-11 08:38:53','2025-03-11 08:38:53'),(263,10,'event','New event created: Tech Innovators Conference 2025',96,1,0,'2025-03-11 08:38:53','2025-03-22 14:34:00'),(264,11,'event','New event created: Tech Innovators Conference 2025',96,0,0,'2025-03-11 08:38:53','2025-03-11 08:38:53'),(265,14,'event','New event created: Tech Innovators Conference 2025',96,0,0,'2025-03-11 08:38:53','2025-03-11 08:38:53'),(266,15,'event','New event created: Tech Innovators Conference 2025',96,1,0,'2025-03-11 08:38:53','2025-03-19 13:26:46'),(267,17,'event','New event created: Tech Innovators Conference 2025',96,0,0,'2025-03-11 08:38:53','2025-03-11 08:38:53'),(268,18,'event','New event created: Tech Innovators Conference 2025',96,1,0,'2025-03-11 08:38:53','2025-03-11 08:39:57'),(269,18,'review','New review for event \"Tech Innovators Conference 2025\"',96,1,0,'2025-03-11 08:40:33','2025-03-13 12:56:26'),(270,18,'review','New review for event \"Esports Tournament\"',95,1,0,'2025-03-13 13:37:21','2025-03-13 13:37:56'),(271,15,'review','New review for event \"Esports Tournament\"',95,1,0,'2025-03-16 12:22:28','2025-03-19 13:26:46'),(272,15,'review','New review for event \"Esports Tournament\"',95,1,0,'2025-03-16 12:28:54','2025-03-19 13:26:46'),(273,7,'review','New review for event \"Esports Tournament\"',95,0,0,'2025-03-17 08:31:28','2025-03-17 08:31:28'),(274,7,'review','New review for event \"Esports Tournament\"',95,0,0,'2025-03-17 08:37:33','2025-03-17 08:37:33'),(275,7,'review','New review for event \"Esports Tournament\"',95,0,0,'2025-03-17 08:38:57','2025-03-17 08:38:57'),(276,13,'event','New event created: Testing w',98,0,0,'2025-03-17 12:55:06','2025-03-17 12:55:06'),(277,1,'event','New event created: Testing w',98,0,0,'2025-03-17 12:55:06','2025-03-17 12:55:06'),(278,2,'event','New event created: Testing w',98,0,0,'2025-03-17 12:55:06','2025-03-17 12:55:06'),(279,3,'event','New event created: Testing w',98,0,0,'2025-03-17 12:55:06','2025-03-17 12:55:06'),(280,6,'event','New event created: Testing w',98,1,0,'2025-03-17 12:55:06','2025-03-25 13:02:58'),(281,7,'event','New event created: Testing w',98,0,0,'2025-03-17 12:55:06','2025-03-17 12:55:06'),(282,8,'event','New event created: Testing w',98,0,0,'2025-03-17 12:55:06','2025-03-17 12:55:06'),(283,9,'event','New event created: Testing w',98,0,0,'2025-03-17 12:55:06','2025-03-17 12:55:06'),(284,10,'event','New event created: Testing w',98,1,0,'2025-03-17 12:55:06','2025-03-22 14:34:00'),(285,11,'event','New event created: Testing w',98,0,0,'2025-03-17 12:55:06','2025-03-17 12:55:06'),(286,14,'event','New event created: Testing w',98,0,0,'2025-03-17 12:55:06','2025-03-17 12:55:06'),(287,15,'event','New event created: Testing w',98,1,0,'2025-03-17 12:55:06','2025-03-19 13:26:46'),(288,17,'event','New event created: Testing w',98,0,0,'2025-03-17 12:55:06','2025-03-17 12:55:06'),(289,18,'event','New event created: Testing w',98,0,0,'2025-03-17 12:55:06','2025-03-17 12:55:06'),(290,7,'review','New review for event \"Testing w\"',98,0,0,'2025-03-17 12:55:28','2025-03-17 12:55:28'),(291,15,'review','New review for event \"Testing w\"',98,1,0,'2025-03-17 13:19:16','2025-03-19 13:26:46'),(292,13,'event','New event created: masambe',99,0,0,'2025-03-17 13:21:11','2025-03-17 13:21:11'),(293,1,'event','New event created: masambe',99,0,0,'2025-03-17 13:21:11','2025-03-17 13:21:11'),(294,2,'event','New event created: masambe',99,0,0,'2025-03-17 13:21:11','2025-03-17 13:21:11'),(295,3,'event','New event created: masambe',99,0,0,'2025-03-17 13:21:11','2025-03-17 13:21:11'),(296,6,'event','New event created: masambe',99,1,0,'2025-03-17 13:21:11','2025-03-25 13:02:58'),(297,7,'event','New event created: masambe',99,0,0,'2025-03-17 13:21:11','2025-03-17 13:21:11'),(298,8,'event','New event created: masambe',99,0,0,'2025-03-17 13:21:11','2025-03-17 13:21:11'),(299,9,'event','New event created: masambe',99,0,0,'2025-03-17 13:21:11','2025-03-17 13:21:11'),(300,10,'event','New event created: masambe',99,1,0,'2025-03-17 13:21:11','2025-03-22 14:34:00'),(301,11,'event','New event created: masambe',99,0,0,'2025-03-17 13:21:11','2025-03-17 13:21:11'),(302,14,'event','New event created: masambe',99,0,0,'2025-03-17 13:21:11','2025-03-17 13:21:11'),(303,15,'event','New event created: masambe',99,1,0,'2025-03-17 13:21:11','2025-03-19 13:26:46'),(304,17,'event','New event created: masambe',99,0,0,'2025-03-17 13:21:11','2025-03-17 13:21:11'),(305,18,'event','New event created: masambe',99,0,0,'2025-03-17 13:21:11','2025-03-17 13:21:11'),(306,13,'event','New event created: masambe',100,0,0,'2025-03-17 13:23:13','2025-03-17 13:23:13'),(307,1,'event','New event created: masambe',100,0,0,'2025-03-17 13:23:13','2025-03-17 13:23:13'),(308,2,'event','New event created: masambe',100,0,0,'2025-03-17 13:23:13','2025-03-17 13:23:13'),(309,3,'event','New event created: masambe',100,0,0,'2025-03-17 13:23:13','2025-03-17 13:23:13'),(310,6,'event','New event created: masambe',100,1,0,'2025-03-17 13:23:13','2025-03-25 13:02:58'),(311,7,'event','New event created: masambe',100,0,0,'2025-03-17 13:23:13','2025-03-17 13:23:13'),(312,8,'event','New event created: masambe',100,0,0,'2025-03-17 13:23:13','2025-03-17 13:23:13'),(313,9,'event','New event created: masambe',100,0,0,'2025-03-17 13:23:13','2025-03-17 13:23:13'),(314,10,'event','New event created: masambe',100,1,0,'2025-03-17 13:23:13','2025-03-22 14:34:00'),(315,11,'event','New event created: masambe',100,0,0,'2025-03-17 13:23:13','2025-03-17 13:23:13'),(316,14,'event','New event created: masambe',100,0,0,'2025-03-17 13:23:13','2025-03-17 13:23:13'),(317,15,'event','New event created: masambe',100,1,0,'2025-03-17 13:23:13','2025-03-19 13:26:46'),(318,17,'event','New event created: masambe',100,0,0,'2025-03-17 13:23:13','2025-03-17 13:23:13'),(319,18,'event','New event created: masambe',100,0,0,'2025-03-17 13:23:13','2025-03-17 13:23:13'),(320,7,'review','New review for event \"Esports Tournament\"',95,0,0,'2025-03-18 08:26:46','2025-03-18 08:26:46'),(321,7,'review','New review for event \"Esports Tournament\"',95,0,0,'2025-03-18 08:31:43','2025-03-18 08:31:43'),(322,13,'event','New event created: masambe',101,0,0,'2025-03-18 08:50:35','2025-03-18 08:50:35'),(323,1,'event','New event created: masambe',101,0,0,'2025-03-18 08:50:35','2025-03-18 08:50:35'),(324,2,'event','New event created: masambe',101,0,0,'2025-03-18 08:50:35','2025-03-18 08:50:35'),(325,3,'event','New event created: masambe',101,0,0,'2025-03-18 08:50:35','2025-03-18 08:50:35'),(326,6,'event','New event created: masambe',101,1,0,'2025-03-18 08:50:35','2025-03-25 13:02:58'),(327,7,'event','New event created: masambe',101,0,0,'2025-03-18 08:50:35','2025-03-18 08:50:35'),(328,8,'event','New event created: masambe',101,0,0,'2025-03-18 08:50:35','2025-03-18 08:50:35'),(329,9,'event','New event created: masambe',101,0,0,'2025-03-18 08:50:35','2025-03-18 08:50:35'),(330,10,'event','New event created: masambe',101,1,0,'2025-03-18 08:50:35','2025-03-22 14:34:00'),(331,11,'event','New event created: masambe',101,0,0,'2025-03-18 08:50:35','2025-03-18 08:50:35'),(332,14,'event','New event created: masambe',101,0,0,'2025-03-18 08:50:35','2025-03-18 08:50:35'),(333,15,'event','New event created: masambe',101,1,0,'2025-03-18 08:50:35','2025-03-19 13:26:46'),(334,17,'event','New event created: masambe',101,0,0,'2025-03-18 08:50:35','2025-03-18 08:50:35'),(335,18,'event','New event created: masambe',101,0,0,'2025-03-18 08:50:35','2025-03-18 08:50:35'),(336,7,'review','New review for event \"masambe\"',101,0,0,'2025-03-18 08:51:12','2025-03-18 08:51:12'),(337,7,'review','New review for event \"masambe\"',101,0,0,'2025-03-18 09:37:14','2025-03-18 09:37:14'),(338,7,'review','New review for event \"masambe\"',101,0,0,'2025-03-18 09:38:34','2025-03-18 09:38:34'),(339,7,'review','New review for event \"masambe\"',101,0,0,'2025-03-18 09:44:09','2025-03-18 09:44:09'),(340,7,'review','New review for event \"masambe\"',101,0,0,'2025-03-18 09:44:57','2025-03-18 09:44:57'),(341,15,'review','New review for event \"masambe\"',101,1,0,'2025-03-18 10:01:51','2025-03-19 13:26:46'),(342,7,'review','New review for event \"masambe\"',101,0,0,'2025-03-18 10:02:53','2025-03-18 10:02:53'),(343,7,'review','New review for event \"masambe\"',101,0,0,'2025-03-18 11:05:33','2025-03-18 11:05:33'),(344,7,'review','New review for event \"masambe\"',101,0,0,'2025-03-18 11:26:56','2025-03-18 11:26:56'),(345,7,'review','New review for event \"masambe\"',101,0,0,'2025-03-18 11:58:20','2025-03-18 11:58:20'),(346,7,'review','New review for event \"masambe\"',101,0,0,'2025-03-18 12:21:09','2025-03-18 12:21:09'),(347,15,'review','New review for event \"masambe\"',101,1,0,'2025-03-18 12:24:32','2025-03-19 13:26:46'),(348,10,'review','New review for event \"masambe\"',101,1,0,'2025-03-18 12:53:48','2025-03-22 14:34:00'),(349,10,'review','New review for event \"masambe\"',101,1,0,'2025-03-18 12:56:21','2025-03-22 14:34:00'),(350,15,'review','New review for event \"masambe\"',101,1,0,'2025-03-18 13:07:04','2025-03-19 13:26:46'),(351,10,'review','New review for event \"masambe\"',101,1,0,'2025-03-18 17:57:08','2025-03-22 14:34:00'),(352,10,'review','New review for event \"masambe\"',101,1,0,'2025-03-19 06:29:40','2025-03-22 14:34:00'),(353,15,'review','New review for event \"masambe\"',101,1,0,'2025-03-19 06:59:23','2025-03-19 13:26:46'),(354,19,'event','New event created: Testing w',102,0,0,'2025-03-19 13:02:06','2025-03-19 13:02:06'),(355,1,'event','New event created: Testing w',102,0,0,'2025-03-19 13:02:06','2025-03-19 13:02:06'),(356,2,'event','New event created: Testing w',102,0,0,'2025-03-19 13:02:06','2025-03-19 13:02:06'),(357,3,'event','New event created: Testing w',102,0,0,'2025-03-19 13:02:06','2025-03-19 13:02:06'),(358,6,'event','New event created: Testing w',102,1,0,'2025-03-19 13:02:06','2025-03-25 13:02:58'),(359,7,'event','New event created: Testing w',102,0,0,'2025-03-19 13:02:06','2025-03-19 13:02:06'),(360,8,'event','New event created: Testing w',102,0,0,'2025-03-19 13:02:06','2025-03-19 13:02:06'),(361,9,'event','New event created: Testing w',102,0,0,'2025-03-19 13:02:06','2025-03-19 13:02:06'),(362,10,'event','New event created: Testing w',102,1,0,'2025-03-19 13:02:06','2025-03-22 14:34:00'),(363,11,'event','New event created: Testing w',102,0,0,'2025-03-19 13:02:06','2025-03-19 13:02:06'),(364,14,'event','New event created: Testing w',102,0,0,'2025-03-19 13:02:06','2025-03-19 13:02:06'),(365,15,'event','New event created: Testing w',102,1,0,'2025-03-19 13:02:06','2025-03-19 13:26:46'),(366,17,'event','New event created: Testing w',102,0,0,'2025-03-19 13:02:06','2025-03-19 13:02:06'),(367,18,'event','New event created: Testing w',102,0,0,'2025-03-19 13:02:06','2025-03-19 13:02:06'),(368,19,'event','New event created: Isintu Siyabukwa',103,0,0,'2025-03-19 13:45:13','2025-03-19 13:45:13'),(369,1,'event','New event created: Isintu Siyabukwa',103,0,0,'2025-03-19 13:45:13','2025-03-19 13:45:13'),(370,2,'event','New event created: Isintu Siyabukwa',103,0,0,'2025-03-19 13:45:13','2025-03-19 13:45:13'),(371,3,'event','New event created: Isintu Siyabukwa',103,0,0,'2025-03-19 13:45:13','2025-03-19 13:45:13'),(372,6,'event','New event created: Isintu Siyabukwa',103,1,0,'2025-03-19 13:45:13','2025-03-25 13:02:58'),(373,7,'event','New event created: Isintu Siyabukwa',103,0,0,'2025-03-19 13:45:13','2025-03-19 13:45:13'),(374,8,'event','New event created: Isintu Siyabukwa',103,0,0,'2025-03-19 13:45:13','2025-03-19 13:45:13'),(375,9,'event','New event created: Isintu Siyabukwa',103,0,0,'2025-03-19 13:45:13','2025-03-19 13:45:13'),(376,10,'event','New event created: Isintu Siyabukwa',103,1,0,'2025-03-19 13:45:13','2025-03-22 14:34:00'),(377,11,'event','New event created: Isintu Siyabukwa',103,0,0,'2025-03-19 13:45:13','2025-03-19 13:45:13'),(378,14,'event','New event created: Isintu Siyabukwa',103,0,0,'2025-03-19 13:45:13','2025-03-19 13:45:13'),(379,15,'event','New event created: Isintu Siyabukwa',103,0,0,'2025-03-19 13:45:13','2025-03-19 13:45:13'),(380,17,'event','New event created: Isintu Siyabukwa',103,0,0,'2025-03-19 13:45:13','2025-03-19 13:45:13'),(381,18,'event','New event created: Isintu Siyabukwa',103,0,0,'2025-03-19 13:45:13','2025-03-19 13:45:13'),(382,10,'review','New review for event \"Isintu Siyabukwa kwa Xhosa\"',103,1,0,'2025-03-20 12:23:19','2025-03-22 14:34:00'),(383,19,'event','New event created: Tech Conference 2025',104,0,0,'2025-03-20 14:00:51','2025-03-20 14:00:51'),(384,1,'event','New event created: Tech Conference 2025',104,0,0,'2025-03-20 14:00:51','2025-03-20 14:00:51'),(385,2,'event','New event created: Tech Conference 2025',104,0,0,'2025-03-20 14:00:51','2025-03-20 14:00:51'),(386,3,'event','New event created: Tech Conference 2025',104,0,0,'2025-03-20 14:00:51','2025-03-20 14:00:51'),(387,6,'event','New event created: Tech Conference 2025',104,1,0,'2025-03-20 14:00:51','2025-03-25 13:02:58'),(388,7,'event','New event created: Tech Conference 2025',104,0,0,'2025-03-20 14:00:51','2025-03-20 14:00:51'),(389,8,'event','New event created: Tech Conference 2025',104,0,0,'2025-03-20 14:00:51','2025-03-20 14:00:51'),(390,9,'event','New event created: Tech Conference 2025',104,0,0,'2025-03-20 14:00:51','2025-03-20 14:00:51'),(391,10,'event','New event created: Tech Conference 2025',104,1,0,'2025-03-20 14:00:51','2025-03-22 14:34:00'),(392,11,'event','New event created: Tech Conference 2025',104,0,0,'2025-03-20 14:00:51','2025-03-20 14:00:51'),(393,14,'event','New event created: Tech Conference 2025',104,0,0,'2025-03-20 14:00:51','2025-03-20 14:00:51'),(394,15,'event','New event created: Tech Conference 2025',104,0,0,'2025-03-20 14:00:51','2025-03-20 14:00:51'),(395,17,'event','New event created: Tech Conference 2025',104,0,0,'2025-03-20 14:00:51','2025-03-20 14:00:51'),(396,18,'event','New event created: Tech Conference 2025',104,0,0,'2025-03-20 14:00:51','2025-03-20 14:00:51'),(397,19,'event','New event created: Startup Pitch Night',105,0,0,'2025-03-20 18:49:46','2025-03-20 18:49:46'),(398,1,'event','New event created: Startup Pitch Night',105,0,0,'2025-03-20 18:49:46','2025-03-20 18:49:46'),(399,2,'event','New event created: Startup Pitch Night',105,0,0,'2025-03-20 18:49:46','2025-03-20 18:49:46'),(400,3,'event','New event created: Startup Pitch Night',105,0,0,'2025-03-20 18:49:46','2025-03-20 18:49:46'),(401,6,'event','New event created: Startup Pitch Night',105,1,0,'2025-03-20 18:49:46','2025-03-25 13:02:58'),(402,7,'event','New event created: Startup Pitch Night',105,0,0,'2025-03-20 18:49:46','2025-03-20 18:49:46'),(403,8,'event','New event created: Startup Pitch Night',105,0,0,'2025-03-20 18:49:46','2025-03-20 18:49:46'),(404,9,'event','New event created: Startup Pitch Night',105,0,0,'2025-03-20 18:49:46','2025-03-20 18:49:46'),(405,10,'event','New event created: Startup Pitch Night',105,1,0,'2025-03-20 18:49:46','2025-03-22 14:34:00'),(406,11,'event','New event created: Startup Pitch Night',105,0,0,'2025-03-20 18:49:46','2025-03-20 18:49:46'),(407,14,'event','New event created: Startup Pitch Night',105,0,0,'2025-03-20 18:49:46','2025-03-20 18:49:46'),(408,15,'event','New event created: Startup Pitch Night',105,0,0,'2025-03-20 18:49:46','2025-03-20 18:49:46'),(409,17,'event','New event created: Startup Pitch Night',105,0,0,'2025-03-20 18:49:46','2025-03-20 18:49:46'),(410,18,'event','New event created: Startup Pitch Night',105,0,0,'2025-03-20 18:49:46','2025-03-20 18:49:46'),(411,13,'event','New event created: Marathon 2025',106,0,0,'2025-03-20 19:01:53','2025-03-20 19:01:53'),(412,1,'event','New event created: Marathon 2025',106,0,0,'2025-03-20 19:01:53','2025-03-20 19:01:53'),(413,2,'event','New event created: Marathon 2025',106,0,0,'2025-03-20 19:01:53','2025-03-20 19:01:53'),(414,3,'event','New event created: Marathon 2025',106,0,0,'2025-03-20 19:01:53','2025-03-20 19:01:53'),(415,6,'event','New event created: Marathon 2025',106,1,0,'2025-03-20 19:01:53','2025-03-25 13:02:58'),(416,7,'event','New event created: Marathon 2025',106,0,0,'2025-03-20 19:01:53','2025-03-20 19:01:53'),(417,8,'event','New event created: Marathon 2025',106,0,0,'2025-03-20 19:01:53','2025-03-20 19:01:53'),(418,9,'event','New event created: Marathon 2025',106,0,0,'2025-03-20 19:01:53','2025-03-20 19:01:53'),(419,10,'event','New event created: Marathon 2025',106,1,0,'2025-03-20 19:01:53','2025-03-22 14:34:00'),(420,11,'event','New event created: Marathon 2025',106,0,0,'2025-03-20 19:01:53','2025-03-20 19:01:53'),(421,14,'event','New event created: Marathon 2025',106,0,0,'2025-03-20 19:01:53','2025-03-20 19:01:53'),(422,15,'event','New event created: Marathon 2025',106,0,0,'2025-03-20 19:01:53','2025-03-20 19:01:53'),(423,17,'event','New event created: Marathon 2025',106,0,0,'2025-03-20 19:01:53','2025-03-20 19:01:53'),(424,18,'event','New event created: Marathon 2025',106,0,0,'2025-03-20 19:01:53','2025-03-20 19:01:53'),(425,13,'event','New event created: AI Workshop',107,0,0,'2025-03-20 19:13:05','2025-03-20 19:13:05'),(426,1,'event','New event created: AI Workshop',107,0,0,'2025-03-20 19:13:05','2025-03-20 19:13:05'),(427,2,'event','New event created: AI Workshop',107,0,0,'2025-03-20 19:13:05','2025-03-20 19:13:05'),(428,3,'event','New event created: AI Workshop',107,0,0,'2025-03-20 19:13:05','2025-03-20 19:13:05'),(429,6,'event','New event created: AI Workshop',107,1,0,'2025-03-20 19:13:05','2025-03-25 13:02:58'),(430,7,'event','New event created: AI Workshop',107,0,0,'2025-03-20 19:13:05','2025-03-20 19:13:05'),(431,8,'event','New event created: AI Workshop',107,0,0,'2025-03-20 19:13:05','2025-03-20 19:13:05'),(432,9,'event','New event created: AI Workshop',107,0,0,'2025-03-20 19:13:05','2025-03-20 19:13:05'),(433,10,'event','New event created: AI Workshop',107,1,0,'2025-03-20 19:13:05','2025-03-22 14:34:00'),(434,11,'event','New event created: AI Workshop',107,0,0,'2025-03-20 19:13:05','2025-03-20 19:13:05'),(435,14,'event','New event created: AI Workshop',107,0,0,'2025-03-20 19:13:05','2025-03-20 19:13:05'),(436,15,'event','New event created: AI Workshop',107,0,0,'2025-03-20 19:13:05','2025-03-20 19:13:05'),(437,17,'event','New event created: AI Workshop',107,0,0,'2025-03-20 19:13:05','2025-03-20 19:13:05'),(438,18,'event','New event created: AI Workshop',107,0,0,'2025-03-20 19:13:05','2025-03-20 19:13:05'),(439,13,'event','New event created: Film Screening: Indie Shorts',108,0,0,'2025-03-20 19:19:56','2025-03-20 19:19:56'),(440,1,'event','New event created: Film Screening: Indie Shorts',108,0,0,'2025-03-20 19:19:56','2025-03-20 19:19:56'),(441,2,'event','New event created: Film Screening: Indie Shorts',108,0,0,'2025-03-20 19:19:56','2025-03-20 19:19:56'),(442,3,'event','New event created: Film Screening: Indie Shorts',108,0,0,'2025-03-20 19:19:56','2025-03-20 19:19:56'),(443,6,'event','New event created: Film Screening: Indie Shorts',108,1,0,'2025-03-20 19:19:56','2025-03-25 13:02:58'),(444,7,'event','New event created: Film Screening: Indie Shorts',108,0,0,'2025-03-20 19:19:56','2025-03-20 19:19:56'),(445,8,'event','New event created: Film Screening: Indie Shorts',108,0,0,'2025-03-20 19:19:56','2025-03-20 19:19:56'),(446,9,'event','New event created: Film Screening: Indie Shorts',108,0,0,'2025-03-20 19:19:56','2025-03-20 19:19:56'),(447,10,'event','New event created: Film Screening: Indie Shorts',108,1,0,'2025-03-20 19:19:56','2025-03-22 14:34:00'),(448,11,'event','New event created: Film Screening: Indie Shorts',108,0,0,'2025-03-20 19:19:56','2025-03-20 19:19:56'),(449,14,'event','New event created: Film Screening: Indie Shorts',108,0,0,'2025-03-20 19:19:56','2025-03-20 19:19:56'),(450,15,'event','New event created: Film Screening: Indie Shorts',108,0,0,'2025-03-20 19:19:56','2025-03-20 19:19:56'),(451,17,'event','New event created: Film Screening: Indie Shorts',108,0,0,'2025-03-20 19:19:56','2025-03-20 19:19:56'),(452,18,'event','New event created: Film Screening: Indie Shorts',108,0,0,'2025-03-20 19:19:56','2025-03-20 19:19:56'),(453,13,'event','New event created: Food and Wine Expo',109,0,0,'2025-03-20 19:31:41','2025-03-20 19:31:41'),(454,1,'event','New event created: Food and Wine Expo',109,0,0,'2025-03-20 19:31:41','2025-03-20 19:31:41'),(455,2,'event','New event created: Food and Wine Expo',109,0,0,'2025-03-20 19:31:41','2025-03-20 19:31:41'),(456,3,'event','New event created: Food and Wine Expo',109,0,0,'2025-03-20 19:31:41','2025-03-20 19:31:41'),(457,6,'event','New event created: Food and Wine Expo',109,1,0,'2025-03-20 19:31:41','2025-03-25 13:02:58'),(458,7,'event','New event created: Food and Wine Expo',109,0,0,'2025-03-20 19:31:41','2025-03-20 19:31:41'),(459,8,'event','New event created: Food and Wine Expo',109,0,0,'2025-03-20 19:31:41','2025-03-20 19:31:41'),(460,9,'event','New event created: Food and Wine Expo',109,0,0,'2025-03-20 19:31:41','2025-03-20 19:31:41'),(461,10,'event','New event created: Food and Wine Expo',109,1,0,'2025-03-20 19:31:41','2025-03-22 14:34:00'),(462,11,'event','New event created: Food and Wine Expo',109,0,0,'2025-03-20 19:31:41','2025-03-20 19:31:41'),(463,14,'event','New event created: Food and Wine Expo',109,0,0,'2025-03-20 19:31:42','2025-03-20 19:31:42'),(464,15,'event','New event created: Food and Wine Expo',109,0,0,'2025-03-20 19:31:42','2025-03-20 19:31:42'),(465,17,'event','New event created: Food and Wine Expo',109,0,0,'2025-03-20 19:31:42','2025-03-20 19:31:42'),(466,18,'event','New event created: Food and Wine Expo',109,0,0,'2025-03-20 19:31:42','2025-03-20 19:31:42'),(467,10,'review','New review for event \"Testing w\"',102,1,0,'2025-03-22 06:04:48','2025-03-22 14:34:00'),(468,3,'review','New review for event \"Film Screening: Indie Shorts\"',108,0,0,'2025-03-24 13:40:53','2025-03-24 13:40:53'),(469,3,'review','New review for event \"Food and Wine Expo\"',109,0,0,'2025-03-24 13:42:02','2025-03-24 13:42:02'),(470,6,'review','New review for event \"Food and Wine Expo\"',109,1,0,'2025-03-24 13:44:18','2025-03-25 13:02:58'),(471,6,'review','New review for event \"Film Screening: Indie Shorts\"',108,1,0,'2025-03-24 13:45:46','2025-03-25 13:02:58'),(472,8,'review','New review for event \"Food and Wine Expo\"',109,0,0,'2025-03-24 13:47:19','2025-03-24 13:47:19'),(473,18,'review','New review for event \"Food and Wine Expo\"',109,0,0,'2025-03-24 13:48:27','2025-03-24 13:48:27'),(474,13,'event','New event created: Web Summit 2025',110,0,0,'2025-03-25 12:18:13','2025-03-25 12:18:13'),(475,1,'event','New event created: Web Summit 2025',110,0,0,'2025-03-25 12:18:13','2025-03-25 12:18:13'),(476,2,'event','New event created: Web Summit 2025',110,0,0,'2025-03-25 12:18:13','2025-03-25 12:18:13'),(477,3,'event','New event created: Web Summit 2025',110,0,0,'2025-03-25 12:18:13','2025-03-25 12:18:13'),(478,6,'event','New event created: Web Summit 2025',110,1,0,'2025-03-25 12:18:13','2025-03-25 13:02:58'),(479,7,'event','New event created: Web Summit 2025',110,0,0,'2025-03-25 12:18:13','2025-03-25 12:18:13'),(480,8,'event','New event created: Web Summit 2025',110,0,0,'2025-03-25 12:18:13','2025-03-25 12:18:13'),(481,9,'event','New event created: Web Summit 2025',110,0,0,'2025-03-25 12:18:13','2025-03-25 12:18:13'),(482,10,'event','New event created: Web Summit 2025',110,0,0,'2025-03-25 12:18:13','2025-03-25 12:18:13'),(483,11,'event','New event created: Web Summit 2025',110,0,0,'2025-03-25 12:18:13','2025-03-25 12:18:13'),(484,14,'event','New event created: Web Summit 2025',110,0,0,'2025-03-25 12:18:13','2025-03-25 12:18:13'),(485,15,'event','New event created: Web Summit 2025',110,0,0,'2025-03-25 12:18:13','2025-03-25 12:18:13'),(486,17,'event','New event created: Web Summit 2025',110,0,0,'2025-03-25 12:18:13','2025-03-25 12:18:13'),(487,18,'event','New event created: Web Summit 2025',110,0,0,'2025-03-25 12:18:13','2025-03-25 12:18:13'),(488,13,'event','New event created: Google I/O',111,0,0,'2025-03-25 12:20:41','2025-03-25 12:20:41'),(489,1,'event','New event created: Google I/O',111,0,0,'2025-03-25 12:20:41','2025-03-25 12:20:41'),(490,2,'event','New event created: Google I/O',111,0,0,'2025-03-25 12:20:41','2025-03-25 12:20:41'),(491,3,'event','New event created: Google I/O',111,0,0,'2025-03-25 12:20:41','2025-03-25 12:20:41'),(492,6,'event','New event created: Google I/O',111,1,0,'2025-03-25 12:20:41','2025-03-25 13:02:58'),(493,7,'event','New event created: Google I/O',111,0,0,'2025-03-25 12:20:41','2025-03-25 12:20:41'),(494,8,'event','New event created: Google I/O',111,0,0,'2025-03-25 12:20:41','2025-03-25 12:20:41'),(495,9,'event','New event created: Google I/O',111,0,0,'2025-03-25 12:20:41','2025-03-25 12:20:41'),(496,10,'event','New event created: Google I/O',111,0,0,'2025-03-25 12:20:41','2025-03-25 12:20:41'),(497,11,'event','New event created: Google I/O',111,0,0,'2025-03-25 12:20:41','2025-03-25 12:20:41'),(498,14,'event','New event created: Google I/O',111,0,0,'2025-03-25 12:20:41','2025-03-25 12:20:41'),(499,15,'event','New event created: Google I/O',111,0,0,'2025-03-25 12:20:41','2025-03-25 12:20:41'),(500,17,'event','New event created: Google I/O',111,0,0,'2025-03-25 12:20:41','2025-03-25 12:20:41'),(501,18,'event','New event created: Google I/O',111,0,0,'2025-03-25 12:20:41','2025-03-25 12:20:41'),(502,13,'event','New event created: Consumer Electronics Show',112,0,0,'2025-03-25 12:23:14','2025-03-25 12:23:14'),(503,1,'event','New event created: Consumer Electronics Show',112,0,0,'2025-03-25 12:23:14','2025-03-25 12:23:14'),(504,2,'event','New event created: Consumer Electronics Show',112,0,0,'2025-03-25 12:23:14','2025-03-25 12:23:14'),(505,3,'event','New event created: Consumer Electronics Show',112,0,0,'2025-03-25 12:23:14','2025-03-25 12:23:14'),(506,6,'event','New event created: Consumer Electronics Show',112,1,0,'2025-03-25 12:23:14','2025-03-25 13:02:58'),(507,7,'event','New event created: Consumer Electronics Show',112,0,0,'2025-03-25 12:23:14','2025-03-25 12:23:14'),(508,8,'event','New event created: Consumer Electronics Show',112,0,0,'2025-03-25 12:23:14','2025-03-25 12:23:14'),(509,9,'event','New event created: Consumer Electronics Show',112,0,0,'2025-03-25 12:23:14','2025-03-25 12:23:14'),(510,10,'event','New event created: Consumer Electronics Show',112,0,0,'2025-03-25 12:23:14','2025-03-25 12:23:14'),(511,11,'event','New event created: Consumer Electronics Show',112,0,0,'2025-03-25 12:23:14','2025-03-25 12:23:14'),(512,14,'event','New event created: Consumer Electronics Show',112,0,0,'2025-03-25 12:23:14','2025-03-25 12:23:14'),(513,15,'event','New event created: Consumer Electronics Show',112,0,0,'2025-03-25 12:23:14','2025-03-25 12:23:14'),(514,17,'event','New event created: Consumer Electronics Show',112,0,0,'2025-03-25 12:23:14','2025-03-25 12:23:14'),(515,18,'event','New event created: Consumer Electronics Show',112,0,0,'2025-03-25 12:23:14','2025-03-25 12:23:14'),(516,13,'event','New event created: AWS re:Invent ',113,0,0,'2025-03-25 12:26:02','2025-03-25 12:26:02'),(517,1,'event','New event created: AWS re:Invent ',113,0,0,'2025-03-25 12:26:03','2025-03-25 12:26:03'),(518,2,'event','New event created: AWS re:Invent ',113,0,0,'2025-03-25 12:26:03','2025-03-25 12:26:03'),(519,3,'event','New event created: AWS re:Invent ',113,0,0,'2025-03-25 12:26:03','2025-03-25 12:26:03'),(520,6,'event','New event created: AWS re:Invent ',113,1,0,'2025-03-25 12:26:03','2025-03-25 13:02:58'),(521,7,'event','New event created: AWS re:Invent ',113,0,0,'2025-03-25 12:26:03','2025-03-25 12:26:03'),(522,8,'event','New event created: AWS re:Invent ',113,0,0,'2025-03-25 12:26:03','2025-03-25 12:26:03'),(523,9,'event','New event created: AWS re:Invent ',113,0,0,'2025-03-25 12:26:03','2025-03-25 12:26:03'),(524,10,'event','New event created: AWS re:Invent ',113,0,0,'2025-03-25 12:26:03','2025-03-25 12:26:03'),(525,11,'event','New event created: AWS re:Invent ',113,0,0,'2025-03-25 12:26:03','2025-03-25 12:26:03'),(526,14,'event','New event created: AWS re:Invent ',113,0,0,'2025-03-25 12:26:03','2025-03-25 12:26:03'),(527,15,'event','New event created: AWS re:Invent ',113,0,0,'2025-03-25 12:26:03','2025-03-25 12:26:03'),(528,17,'event','New event created: AWS re:Invent ',113,0,0,'2025-03-25 12:26:03','2025-03-25 12:26:03'),(529,18,'event','New event created: AWS re:Invent ',113,0,0,'2025-03-25 12:26:03','2025-03-25 12:26:03'),(530,13,'event','New event created: Pycon Africa 2025',114,0,0,'2025-03-25 12:27:57','2025-03-25 12:27:57'),(531,1,'event','New event created: Pycon Africa 2025',114,0,0,'2025-03-25 12:27:58','2025-03-25 12:27:58'),(532,2,'event','New event created: Pycon Africa 2025',114,0,0,'2025-03-25 12:27:58','2025-03-25 12:27:58'),(533,3,'event','New event created: Pycon Africa 2025',114,0,0,'2025-03-25 12:27:58','2025-03-25 12:27:58'),(534,6,'event','New event created: Pycon Africa 2025',114,1,0,'2025-03-25 12:27:58','2025-03-25 13:02:58'),(535,7,'event','New event created: Pycon Africa 2025',114,0,0,'2025-03-25 12:27:58','2025-03-25 12:27:58'),(536,8,'event','New event created: Pycon Africa 2025',114,0,0,'2025-03-25 12:27:58','2025-03-25 12:27:58'),(537,9,'event','New event created: Pycon Africa 2025',114,0,0,'2025-03-25 12:27:58','2025-03-25 12:27:58'),(538,10,'event','New event created: Pycon Africa 2025',114,0,0,'2025-03-25 12:27:58','2025-03-25 12:27:58'),(539,11,'event','New event created: Pycon Africa 2025',114,0,0,'2025-03-25 12:27:58','2025-03-25 12:27:58'),(540,14,'event','New event created: Pycon Africa 2025',114,0,0,'2025-03-25 12:27:58','2025-03-25 12:27:58'),(541,15,'event','New event created: Pycon Africa 2025',114,0,0,'2025-03-25 12:27:58','2025-03-25 12:27:58'),(542,17,'event','New event created: Pycon Africa 2025',114,0,0,'2025-03-25 12:27:58','2025-03-25 12:27:58'),(543,18,'event','New event created: Pycon Africa 2025',114,0,0,'2025-03-25 12:27:58','2025-03-25 12:27:58'),(544,18,'review','New review for event \"Consumer Electronics Show\"',112,0,0,'2025-03-25 12:30:33','2025-03-25 12:30:33'),(545,18,'review','New review for event \"Web Summit 2025\"',110,0,0,'2025-03-25 12:36:28','2025-03-25 12:36:28'),(546,8,'review','New review for event \"Consumer Electronics Show\"',112,0,0,'2025-03-25 12:48:12','2025-03-25 12:48:12'),(547,8,'review','New review for event \"Web Summit 2025\"',110,0,0,'2025-03-25 12:49:36','2025-03-25 12:49:36'),(548,8,'review','New review for event \"AI Workshop\"',107,0,0,'2025-03-25 12:50:45','2025-03-25 12:50:45'),(549,8,'review','New review for event \"Film Screening: Indie Shorts\"',108,0,0,'2025-03-25 12:53:19','2025-03-25 12:53:19'),(550,6,'review','New review for event \"AI Workshop\"',107,1,0,'2025-03-25 12:56:53','2025-03-25 13:02:58'),(551,6,'review','New review for event \"Consumer Electronics Show\"',112,1,0,'2025-03-25 12:59:13','2025-03-25 13:02:58'),(552,12,'review','New review (4★) submitted by Siphosethu for \"Film Screening: Indie Shorts\"',132,0,1,'2025-03-26 07:24:53','2025-03-26 07:24:53'),(553,13,'review','New review (4★) submitted by Siphosethu for \"Film Screening: Indie Shorts\"',132,1,1,'2025-03-26 07:24:53','2025-03-26 07:54:17'),(554,16,'review','New review (4★) submitted by Siphosethu for \"Film Screening: Indie Shorts\"',132,0,1,'2025-03-26 07:24:53','2025-03-26 07:24:53'),(555,19,'review','New review (4★) submitted by Siphosethu for \"Film Screening: Indie Shorts\"',132,1,1,'2025-03-26 07:24:53','2025-03-27 07:08:38'),(556,20,'review','New review for event \"Film Screening: Indie Shorts\"',108,1,0,'2025-03-26 07:24:53','2025-03-26 07:41:16'),(557,13,'event','New event created: Tech Innovation Summit 2025',115,0,0,'2025-03-26 07:40:48','2025-03-26 07:40:48'),(558,1,'event','New event created: Tech Innovation Summit 2025',115,0,0,'2025-03-26 07:40:48','2025-03-26 07:40:48'),(559,2,'event','New event created: Tech Innovation Summit 2025',115,0,0,'2025-03-26 07:40:48','2025-03-26 07:40:48'),(560,3,'event','New event created: Tech Innovation Summit 2025',115,0,0,'2025-03-26 07:40:48','2025-03-26 07:40:48'),(561,6,'event','New event created: Tech Innovation Summit 2025',115,0,0,'2025-03-26 07:40:48','2025-03-26 07:40:48'),(562,7,'event','New event created: Tech Innovation Summit 2025',115,0,0,'2025-03-26 07:40:48','2025-03-26 07:40:48'),(563,8,'event','New event created: Tech Innovation Summit 2025',115,0,0,'2025-03-26 07:40:48','2025-03-26 07:40:48'),(564,9,'event','New event created: Tech Innovation Summit 2025',115,0,0,'2025-03-26 07:40:48','2025-03-26 07:40:48'),(565,10,'event','New event created: Tech Innovation Summit 2025',115,0,0,'2025-03-26 07:40:48','2025-03-26 07:40:48'),(566,11,'event','New event created: Tech Innovation Summit 2025',115,0,0,'2025-03-26 07:40:48','2025-03-26 07:40:48'),(567,14,'event','New event created: Tech Innovation Summit 2025',115,0,0,'2025-03-26 07:40:48','2025-03-26 07:40:48'),(568,15,'event','New event created: Tech Innovation Summit 2025',115,0,0,'2025-03-26 07:40:48','2025-03-26 07:40:48'),(569,17,'event','New event created: Tech Innovation Summit 2025',115,0,0,'2025-03-26 07:40:48','2025-03-26 07:40:48'),(570,18,'event','New event created: Tech Innovation Summit 2025',115,0,0,'2025-03-26 07:40:48','2025-03-26 07:40:48'),(571,20,'event','New event created: Tech Innovation Summit 2025',115,1,0,'2025-03-26 07:40:48','2025-03-26 07:41:22'),(572,19,'event','New event created: AI Future Trends Summit 2025',116,0,0,'2025-03-27 08:12:38','2025-03-27 08:12:38'),(573,1,'event','New event created: AI Future Trends Summit 2025',116,0,0,'2025-03-27 08:12:38','2025-03-27 08:12:38'),(574,2,'event','New event created: AI Future Trends Summit 2025',116,0,0,'2025-03-27 08:12:38','2025-03-27 08:12:38'),(575,3,'event','New event created: AI Future Trends Summit 2025',116,0,0,'2025-03-27 08:12:38','2025-03-27 08:12:38'),(576,6,'event','New event created: AI Future Trends Summit 2025',116,0,0,'2025-03-27 08:12:38','2025-03-27 08:12:38'),(577,7,'event','New event created: AI Future Trends Summit 2025',116,0,0,'2025-03-27 08:12:38','2025-03-27 08:12:38'),(578,8,'event','New event created: AI Future Trends Summit 2025',116,0,0,'2025-03-27 08:12:38','2025-03-27 08:12:38'),(579,9,'event','New event created: AI Future Trends Summit 2025',116,0,0,'2025-03-27 08:12:38','2025-03-27 08:12:38'),(580,10,'event','New event created: AI Future Trends Summit 2025',116,0,0,'2025-03-27 08:12:38','2025-03-27 08:12:38'),(581,11,'event','New event created: AI Future Trends Summit 2025',116,0,0,'2025-03-27 08:12:38','2025-03-27 08:12:38'),(582,14,'event','New event created: AI Future Trends Summit 2025',116,0,0,'2025-03-27 08:12:38','2025-03-27 08:12:38'),(583,15,'event','New event created: AI Future Trends Summit 2025',116,0,0,'2025-03-27 08:12:38','2025-03-27 08:12:38'),(584,17,'event','New event created: AI Future Trends Summit 2025',116,0,0,'2025-03-27 08:12:38','2025-03-27 08:12:38'),(585,18,'event','New event created: AI Future Trends Summit 2025',116,0,0,'2025-03-27 08:12:38','2025-03-27 08:12:38'),(586,20,'event','New event created: AI Future Trends Summit 2025',116,1,0,'2025-03-27 08:12:38','2025-03-30 17:07:32'),(587,19,'event','New event created: AI Future Trends Summit 2025',117,0,0,'2025-03-31 07:58:50','2025-03-31 07:58:50'),(588,1,'event','New event created: AI Future Trends Summit 2025',117,0,0,'2025-03-31 07:58:50','2025-03-31 07:58:50'),(589,2,'event','New event created: AI Future Trends Summit 2025',117,0,0,'2025-03-31 07:58:50','2025-03-31 07:58:50'),(590,3,'event','New event created: AI Future Trends Summit 2025',117,0,0,'2025-03-31 07:58:50','2025-03-31 07:58:50'),(591,6,'event','New event created: AI Future Trends Summit 2025',117,0,0,'2025-03-31 07:58:50','2025-03-31 07:58:50'),(592,7,'event','New event created: AI Future Trends Summit 2025',117,0,0,'2025-03-31 07:58:50','2025-03-31 07:58:50'),(593,8,'event','New event created: AI Future Trends Summit 2025',117,0,0,'2025-03-31 07:58:50','2025-03-31 07:58:50'),(594,9,'event','New event created: AI Future Trends Summit 2025',117,0,0,'2025-03-31 07:58:50','2025-03-31 07:58:50'),(595,10,'event','New event created: AI Future Trends Summit 2025',117,0,0,'2025-03-31 07:58:50','2025-03-31 07:58:50'),(596,11,'event','New event created: AI Future Trends Summit 2025',117,0,0,'2025-03-31 07:58:50','2025-03-31 07:58:50'),(597,14,'event','New event created: AI Future Trends Summit 2025',117,0,0,'2025-03-31 07:58:50','2025-03-31 07:58:50'),(598,15,'event','New event created: AI Future Trends Summit 2025',117,0,0,'2025-03-31 07:58:50','2025-03-31 07:58:50'),(599,17,'event','New event created: AI Future Trends Summit 2025',117,0,0,'2025-03-31 07:58:50','2025-03-31 07:58:50'),(600,18,'event','New event created: AI Future Trends Summit 2025',117,0,0,'2025-03-31 07:58:50','2025-03-31 07:58:50'),(601,20,'event','New event created: AI Future Trends Summit 2025',117,1,0,'2025-03-31 07:58:50','2025-03-31 08:25:49'),(602,19,'event','New event created: Testing ',118,0,0,'2025-03-31 11:30:15','2025-03-31 11:30:15'),(603,1,'event','New event created: Testing ',118,0,0,'2025-03-31 11:30:15','2025-03-31 11:30:15'),(604,2,'event','New event created: Testing ',118,0,0,'2025-03-31 11:30:15','2025-03-31 11:30:15'),(605,3,'event','New event created: Testing ',118,0,0,'2025-03-31 11:30:15','2025-03-31 11:30:15'),(606,6,'event','New event created: Testing ',118,0,0,'2025-03-31 11:30:15','2025-03-31 11:30:15'),(607,7,'event','New event created: Testing ',118,0,0,'2025-03-31 11:30:15','2025-03-31 11:30:15'),(608,8,'event','New event created: Testing ',118,0,0,'2025-03-31 11:30:15','2025-03-31 11:30:15'),(609,9,'event','New event created: Testing ',118,0,0,'2025-03-31 11:30:15','2025-03-31 11:30:15'),(610,10,'event','New event created: Testing ',118,0,0,'2025-03-31 11:30:15','2025-03-31 11:30:15'),(611,11,'event','New event created: Testing ',118,0,0,'2025-03-31 11:30:15','2025-03-31 11:30:15'),(612,14,'event','New event created: Testing ',118,0,0,'2025-03-31 11:30:15','2025-03-31 11:30:15'),(613,15,'event','New event created: Testing ',118,0,0,'2025-03-31 11:30:15','2025-03-31 11:30:15'),(614,17,'event','New event created: Testing ',118,0,0,'2025-03-31 11:30:15','2025-03-31 11:30:15'),(615,18,'event','New event created: Testing ',118,0,0,'2025-03-31 11:30:15','2025-03-31 11:30:15'),(616,20,'event','New event created: Testing ',118,1,0,'2025-03-31 11:30:15','2025-03-31 11:30:39'),(617,21,'event','New event created: Isintu Siyabukwa',119,0,0,'2025-03-31 11:58:19','2025-03-31 11:58:19'),(618,1,'event','New event created: Isintu Siyabukwa',119,0,0,'2025-03-31 11:58:19','2025-03-31 11:58:19'),(619,2,'event','New event created: Isintu Siyabukwa',119,0,0,'2025-03-31 11:58:19','2025-03-31 11:58:19'),(620,3,'event','New event created: Isintu Siyabukwa',119,0,0,'2025-03-31 11:58:19','2025-03-31 11:58:19'),(621,6,'event','New event created: Isintu Siyabukwa',119,0,0,'2025-03-31 11:58:19','2025-03-31 11:58:19'),(622,7,'event','New event created: Isintu Siyabukwa',119,0,0,'2025-03-31 11:58:19','2025-03-31 11:58:19'),(623,8,'event','New event created: Isintu Siyabukwa',119,0,0,'2025-03-31 11:58:19','2025-03-31 11:58:19'),(624,9,'event','New event created: Isintu Siyabukwa',119,0,0,'2025-03-31 11:58:19','2025-03-31 11:58:19'),(625,10,'event','New event created: Isintu Siyabukwa',119,0,0,'2025-03-31 11:58:19','2025-03-31 11:58:19'),(626,11,'event','New event created: Isintu Siyabukwa',119,0,0,'2025-03-31 11:58:19','2025-03-31 11:58:19'),(627,14,'event','New event created: Isintu Siyabukwa',119,0,0,'2025-03-31 11:58:19','2025-03-31 11:58:19'),(628,15,'event','New event created: Isintu Siyabukwa',119,0,0,'2025-03-31 11:58:19','2025-03-31 11:58:19'),(629,17,'event','New event created: Isintu Siyabukwa',119,0,0,'2025-03-31 11:58:19','2025-03-31 11:58:19'),(630,18,'event','New event created: Isintu Siyabukwa',119,0,0,'2025-03-31 11:58:19','2025-03-31 11:58:19'),(631,20,'event','New event created: Isintu Siyabukwa',119,1,0,'2025-03-31 11:58:19','2025-03-31 12:14:27');
/*!40000 ALTER TABLE `notifications` ENABLE KEYS */;
UNLOCK TABLES;

--
-- Table structure for table `registrations`
--

DROP TABLE IF EXISTS `registrations`;
/*!40101 SET @saved_cs_client     = @@character_set_client */;
/*!50503 SET character_set_client = utf8mb4 */;
CREATE TABLE `registrations` (
  `id` int NOT NULL AUTO_INCREMENT,
  `fullName` varchar(255) NOT NULL,
  `email` varchar(255) NOT NULL,
  `phone` varchar(255) NOT NULL,
  `address` varchar(255) DEFAULT NULL,
  `city` varchar(255) DEFAULT NULL,
  `state` varchar(255) DEFAULT NULL,
  `zipCode` varchar(255) DEFAULT NULL,
  `specialRequirements` text,
  `ticketQuantity` int NOT NULL DEFAULT '1',
  `registrationDate` datetime NOT NULL,
  `paymentStatus` CHECK('pending','completed','failed','refunded','free') NOT NULL DEFAULT 'pending',
  `totalAmount` decimal(10,2) NOT NULL DEFAULT '0.00',
  `paymentMethod` varchar(255) DEFAULT NULL,
  `paymentDate` datetime DEFAULT NULL,
  `transactionId` varchar(255) DEFAULT NULL,
  `confirmationCode` varchar(255) DEFAULT NULL,
  `checkInStatus` tinyint(1) NOT NULL DEFAULT '0',
  `checkInTime` datetime DEFAULT NULL,
  `createdAt` datetime NOT NULL,
  `updatedAt` datetime NOT NULL,
  `EventId` int NOT NULL,
  `UserId` int DEFAULT NULL,
  PRIMARY KEY (`id`),
  KEY `EventId` (`EventId`),
  KEY `UserId` (`UserId`),
  CONSTRAINT `registrations_ibfk_1` FOREIGN KEY (`EventId`) REFERENCES `events` (`id`) ON DELETE CASCADE ON UPDATE CASCADE,
  CONSTRAINT `registrations_ibfk_2` FOREIGN KEY (`UserId`) REFERENCES `users` (`id`) ON DELETE SET NULL ON UPDATE CASCADE
) ENGINE=InnoDB AUTO_INCREMENT=13 DEFAULT CHARSET=utf8mb4 COLLATE=utf8mb4_0900_ai_ci;
/*!40101 SET character_set_client = @saved_cs_client */;

--
-- Dumping data for table `registrations`
--

LOCK TABLES `registrations` WRITE;
/*!40000 ALTER TABLE `registrations` DISABLE KEYS */;
INSERT INTO `registrations` VALUES (1,'Andile Mnukwa','andile.reeman@gmail.com','0656071416','Winnie Mandela Street','Langa','','7455','',1,'2025-03-30 16:44:27','free',0.00,NULL,NULL,NULL,'F89C2903',0,NULL,'2025-03-30 16:44:27','2025-03-30 16:44:27',115,NULL),(2,'Andile Mnukwa','andile.reeman@gmail.com','0656071416','Winnie Mandela Street','Langa','','7455','',1,'2025-03-30 16:45:42','free',0.00,NULL,NULL,NULL,'BBDDE1FB',0,NULL,'2025-03-30 16:45:42','2025-03-30 16:45:42',115,NULL),(3,'Andile Mnukwa','andile.reeman@gmail.com','0656071416','Winnie Mandela Street','Langa','','7455','',1,'2025-03-30 16:46:33','free',0.00,NULL,NULL,NULL,'955B9B64',0,NULL,'2025-03-30 16:46:33','2025-03-30 16:46:33',116,20),(4,'Andile Mnukwa','andile.reeman@gmail.com','0656071416','Winnie Mandela Street','Langa','','7455','',1,'2025-03-31 07:59:50','free',0.00,NULL,NULL,NULL,'CD14A687',0,NULL,'2025-03-31 07:59:50','2025-03-31 07:59:50',117,20),(5,'Andile Mnukwa','andile.reeman@gmail.com','0656071416','Winnie Mandela Street','Langa','','7455','',1,'2025-03-31 08:44:43','free',0.00,NULL,NULL,NULL,'356DE2DB',0,NULL,'2025-03-31 08:44:43','2025-03-31 08:44:43',106,NULL),(6,'Andile Mnukwa','andile.reeman@gmail.com','0656071416','Winnie Mandela Street','Langa','','7455','',1,'2025-03-31 09:09:19','free',0.00,NULL,NULL,NULL,'97AAD535',0,NULL,'2025-03-31 09:09:19','2025-03-31 09:09:19',117,19),(7,'Andile Mnukwa','mnukwa1996@gmail.com','0656071416','Winnie Mandela Street','Langa','','7455','',1,'2025-03-31 11:13:28','free',0.00,NULL,NULL,NULL,'7EB533BE',0,NULL,'2025-03-31 11:13:28','2025-03-31 11:13:28',106,NULL),(8,'Andile Mnukwa','andile.reeman@gmail.com','0656071416','Winnie Mandela Street','Langa','','7455','',1,'2025-03-31 11:17:17','free',0.00,NULL,NULL,NULL,'ED1B0F94',1,'2025-03-31 19:11:09','2025-03-31 11:17:17','2025-03-31 19:11:09',117,20),(9,'Andile Mnukwa','andile.reeman@gmail.com','0656071416','Winnie Mandela Street','Langa','','7455','',1,'2025-03-31 11:30:58','free',0.00,NULL,NULL,NULL,'F12FD48C',0,NULL,'2025-03-31 11:30:58','2025-03-31 11:30:58',118,20),(10,'Andile Mnukwa','andile.reeman@gmail.com','0656071416','Winnie Mandela Street','Langa','','7455','',1,'2025-03-31 11:47:39','free',0.00,NULL,NULL,NULL,'DB866106',0,NULL,'2025-03-31 11:47:39','2025-03-31 11:47:39',118,3),(11,'Andile Mnukwa','andile.reeman@gmail.com','0656071416','Winnie Mandela Street','Langa','','7455','',1,'2025-03-31 12:11:01','pending',3000.00,NULL,NULL,NULL,'F513707D',1,'2025-03-31 12:12:12','2025-03-31 12:11:01','2025-03-31 12:12:12',119,20),(12,'Andile Mnukwa','Anelisa@gmail.com','0656071416','Winnie Mandela Street','Langa','','7455','',1,'2025-03-31 19:17:59','pending',3000.00,NULL,NULL,NULL,'31781CBE',0,NULL,'2025-03-31 19:17:59','2025-03-31 19:17:59',119,15);
/*!40000 ALTER TABLE `registrations` ENABLE KEYS */;
UNLOCK TABLES;

--
-- Table structure for table `reviews`
--

DROP TABLE IF EXISTS `reviews`;
/*!40101 SET @saved_cs_client     = @@character_set_client */;
/*!50503 SET character_set_client = utf8mb4 */;
CREATE TABLE `reviews` (
  `id` int NOT NULL AUTO_INCREMENT,
  `username` varchar(255) NOT NULL,
  `review_text` text NOT NULL,
  `rating` int NOT NULL,
  `createdAt` datetime NOT NULL,
  `updatedAt` datetime NOT NULL,
  `eventId` int DEFAULT NULL,
  `userId` int DEFAULT NULL,
  `sentiment` varchar(255) DEFAULT NULL,
  `admin_response` text,
  PRIMARY KEY (`id`),
  KEY `eventId` (`eventId`),
  KEY `userId` (`userId`),
  CONSTRAINT `reviews_ibfk_1` FOREIGN KEY (`eventId`) REFERENCES `events` (`id`) ON DELETE CASCADE ON UPDATE CASCADE,
  CONSTRAINT `reviews_ibfk_2` FOREIGN KEY (`userId`) REFERENCES `users` (`id`) ON DELETE CASCADE ON UPDATE CASCADE
) ENGINE=InnoDB AUTO_INCREMENT=133 DEFAULT CHARSET=utf8mb4 COLLATE=utf8mb4_0900_ai_ci;
/*!40101 SET character_set_client = @saved_cs_client */;

--
-- Dumping data for table `reviews`
--

LOCK TABLES `reviews` WRITE;
/*!40000 ALTER TABLE `reviews` DISABLE KEYS */;
INSERT INTO `reviews` VALUES (49,'Luber','cool',3,'2025-03-07 09:36:48','2025-03-07 09:36:48',NULL,NULL,'positive',NULL),(50,'Luber','sure',3,'2025-03-07 09:37:54','2025-03-07 09:37:54',NULL,NULL,'neutral',NULL),(51,'Luber','cool',3,'2025-03-07 09:43:13','2025-03-07 09:43:13',NULL,NULL,'positive',NULL),(52,'Luber','daygyg',3,'2025-03-07 09:43:26','2025-03-07 09:43:26',NULL,NULL,'neutral',NULL),(53,'Luber','dafhydgbf',2,'2025-03-07 09:43:36','2025-03-07 09:43:36',NULL,NULL,'neutral',NULL),(54,'Luber','sure',2,'2025-03-07 09:48:00','2025-03-07 09:48:00',NULL,NULL,'neutral',NULL),(55,'Luber','cool',2,'2025-03-07 09:48:59','2025-03-07 09:48:59',NULL,NULL,'positive',NULL),(56,'Gary','test',2,'2025-03-07 10:56:04','2025-03-07 10:56:04',NULL,NULL,'neutral',NULL),(57,'Sphe','wow',3,'2025-03-07 10:56:48','2025-03-07 10:56:48',NULL,NULL,'positive',NULL),(58,'Sphe','cool',2,'2025-03-07 10:58:12','2025-03-07 10:58:12',NULL,NULL,'positive',NULL),(59,'Sphe','cccc',2,'2025-03-07 10:59:19','2025-03-07 10:59:19',NULL,NULL,'neutral',NULL),(60,'Sphe','cool',2,'2025-03-07 11:00:29','2025-03-07 11:00:29',NULL,NULL,'positive',NULL),(61,'Sphe','swsw',2,'2025-03-07 11:02:43','2025-03-07 11:02:43',NULL,NULL,'neutral',NULL),(62,'Sphe','wssw',1,'2025-03-07 11:02:58','2025-03-07 11:02:58',NULL,NULL,'neutral',NULL),(63,'Sphe','ddde',2,'2025-03-07 11:04:00','2025-03-07 11:04:00',NULL,NULL,'neutral',NULL),(64,'Sphe','hhh',2,'2025-03-07 11:05:38','2025-03-07 11:05:38',NULL,NULL,'neutral',NULL),(65,'Sphe','gutt',2,'2025-03-07 11:11:23','2025-03-07 11:11:23',NULL,NULL,'neutral',NULL),(66,'Sphe','ji',2,'2025-03-07 11:17:56','2025-03-07 11:17:56',NULL,NULL,'neutral',NULL),(67,'Sphe','awesome',3,'2025-03-07 11:26:41','2025-03-07 11:26:41',NULL,NULL,'positive',NULL),(68,'Sphe','hhj',2,'2025-03-07 11:28:00','2025-03-07 11:28:00',NULL,NULL,'neutral',NULL),(69,'Sphe','dhckhdsa',3,'2025-03-07 11:33:18','2025-03-07 11:33:18',NULL,NULL,'neutral',NULL),(116,'Luber','Go and make some reviews based on what you know about event!',4,'2025-03-22 06:04:48','2025-03-24 11:34:30',102,10,'neutral','Thank you for your feedback! We appreciate your input and will use it to improve our future events.'),(117,'reeman','Enjoyed the screening, but the seating arrangement could be improved.',4,'2025-03-24 13:40:53','2025-03-24 13:40:53',108,3,'positive',NULL),(118,'reeman','Delicious food and excellent wine pairings! Definitely worth attending.',5,'2025-03-24 13:42:02','2025-03-24 13:52:36',109,3,'positive','Thank you for your wonderful feedback! We\'re thrilled to hear you enjoyed the event and appreciate you taking the time to share your positive experience. We hope to see you at our next event! We\'re pleased to see you gave us a high rating!'),(119,'Gary','A foodie paradise, but it was a bit crowded.',4,'2025-03-24 13:44:18','2025-03-24 13:44:18',109,6,'positive',NULL),(120,'Gary','A brilliant showcase of creative and thought-provoking short films.',3,'2025-03-24 13:45:46','2025-03-24 13:45:46',108,6,'positive',NULL),(121,'Sphe','The food options were underwhelming, and many stands ran out early.',1,'2025-03-24 13:47:19','2025-03-24 13:51:41',109,8,'neutral','Thank you for your feedback! We appreciate you taking the time to share your thoughts about the event. Your insights help us improve future experiences for all attendees. We hope to see you at upcoming events! We understand your rating reflects areas where we can improve, and we take that seriously.'),(122,'Omphile','The event lacked organization, and the staff wasn’t very helpful.',1,'2025-03-24 13:48:27','2025-03-24 13:48:27',109,18,'positive',NULL),(123,'Omphile','CES 2025 was a tech lover’s paradise! The exhibit halls were packed with groundbreaking gadgets like foldable smartphones, AI-driven health wearables, and futuristic EVs. The autonomous vehicle demos were a highlight. However, the event felt overwhelming at times due to the sheer scale and crowds. More organized sessions would enhance the experience.',4,'2025-03-25 12:30:33','2025-03-25 12:30:33',112,18,'positive',NULL),(124,'Omphile','Web Summit 2024 was an extraordinary experience! The event was well-organized, and the lineup of speakers was top-notch. I particularly enjoyed the sessions on AI ethics and the future of fintech. The networking opportunities were fantastic, although some sessions were overcrowded. Overall, highly recommended for tech professionals looking to stay ahead of industry trends!',5,'2025-03-25 12:36:28','2025-03-25 12:40:49',110,18,'positive','Thank you for your wonderful feedback! We\'re thrilled to hear you enjoyed the event and appreciate you taking the time to share your positive experience. We hope to see you at our next event! We\'re pleased to see you gave us a high rating!'),(125,'Sphe','Absolutely mind-blowing! CES 2025 exceeded all my expectations. The innovation on display was incredible – from AI-integrated smart home devices to the latest in wearable tech. The highlight for me was the robotics exhibit, where autonomous robots showcased real-world applications. The event was well-organized despite the large turnout. I left feeling inspired by the future of technology!',5,'2025-03-25 12:48:12','2025-03-25 12:48:12',112,8,'positive',NULL),(126,'Sphe','Honestly, I expected more from such a high-profile event. The sessions were overcrowded, and it was almost impossible to get into the more popular talks. While the speakers were great, the disorganization really took away from the experience. Long lines, confusing schedules, and a lack of seating left me disappointed',1,'2025-03-25 12:49:36','2025-03-25 12:49:36',110,8,'neutral',NULL),(127,'Sphe','The workshop had potential, but the execution fell short. The event was chaotic, with poorly managed crowds and overlapping sessions. I struggled to navigate the venue, and the event app didn’t help much. The speakers were impressive, but unfortunately, I missed several talks due to the disorganization.',2,'2025-03-25 12:50:45','2025-03-25 12:50:45',107,8,'negative',NULL),(128,'Sphe','Very disappointing. The venue layout was confusing, and there weren’t enough staff to assist attendees. For the price of admission, I expected a much better experience. It felt more like a chaotic expo than a professional film screening.',2,'2025-03-25 12:53:19','2025-03-27 06:54:54',108,8,'negative','Thank you for your feedback! We appreciate your input and will use it to improve our future events.'),(129,'Gary','An unforgettable experience! The keynote speakers delivered insightful talks on AI, fintech, and the future of work. The networking opportunities were unmatched, and I made valuable connections. The venue was well set up, though it could be overwhelming during peak hours. Still, one of the best tech events I’ve ever attended!',5,'2025-03-25 12:56:53','2025-03-25 12:56:53',107,6,'positive',NULL),(130,'Gary','Great show with inspiring speakers and cutting-edge topics! The startup exhibitions were exciting, and the pitch competitions were fun to watch.  With some better scheduling tools, the experience would be much smoother.',3,'2025-03-25 12:59:13','2025-03-25 12:59:13',112,6,'positive',NULL),(131,'Sphe','Nice event',3,'2025-03-25 20:45:18','2025-03-25 20:45:18',102,8,'positive',NULL),(132,'Siphosethu','Enjoyed the screening',4,'2025-03-26 07:24:53','2025-03-26 07:24:53',108,20,'positive',NULL);
/*!40000 ALTER TABLE `reviews` ENABLE KEYS */;
UNLOCK TABLES;

--
-- Table structure for table `sequelizemeta`
--

DROP TABLE IF EXISTS `sequelizemeta`;
/*!40101 SET @saved_cs_client     = @@character_set_client */;
/*!50503 SET character_set_client = utf8mb4 */;
CREATE TABLE `sequelizemeta` (
  `name` varchar(255) COLLATE utf8mb3_unicode_ci NOT NULL,
  PRIMARY KEY (`name`),
  UNIQUE KEY `name` (`name`)
) ENGINE=InnoDB DEFAULT CHARSET=utf8mb3 COLLATE=utf8mb3_unicode_ci;
/*!40101 SET character_set_client = @saved_cs_client */;

--
-- Dumping data for table `sequelizemeta`
--

LOCK TABLES `sequelizemeta` WRITE;
/*!40000 ALTER TABLE `sequelizemeta` DISABLE KEYS */;
INSERT INTO `sequelizemeta` VALUES ('20250220075549-add-sentiment-to-reviews.js'),('20250227090014-add-isAdmin-to-users.js'),('20250228065051-add-admin-response-to-reviews.js'),('20250319112413-add-time-category-image-to-events.js'),('20250325230209-add-reset-password-fields.js'),('20250330163002-add-price-to-events.js'),('20250330163141-create-registrations-table.js');
/*!40000 ALTER TABLE `sequelizemeta` ENABLE KEYS */;
UNLOCK TABLES;

--
-- Table structure for table `users`
--

DROP TABLE IF EXISTS `users`;
/*!40101 SET @saved_cs_client     = @@character_set_client */;
/*!50503 SET character_set_client = utf8mb4 */;
CREATE TABLE `users` (
  `id` int NOT NULL AUTO_INCREMENT,
  `username` varchar(255) NOT NULL,
  `password` varchar(255) NOT NULL,
  `createdAt` datetime NOT NULL,
  `updatedAt` datetime NOT NULL,
  `EventId` int DEFAULT NULL,
  `isAdmin` tinyint(1) NOT NULL DEFAULT '0',
  `resetPasswordToken` varchar(255) DEFAULT NULL,
  `resetPasswordExpires` datetime DEFAULT NULL,
  PRIMARY KEY (`id`),
  UNIQUE KEY `username` (`username`),
  KEY `EventId` (`EventId`),
  CONSTRAINT `users_ibfk_1` FOREIGN KEY (`EventId`) REFERENCES `events` (`id`) ON DELETE CASCADE ON UPDATE CASCADE
) ENGINE=InnoDB AUTO_INCREMENT=22 DEFAULT CHARSET=utf8mb4 COLLATE=utf8mb4_0900_ai_ci;
/*!40101 SET character_set_client = @saved_cs_client */;

--
-- Dumping data for table `users`
--

LOCK TABLES `users` WRITE;
/*!40000 ALTER TABLE `users` DISABLE KEYS */;
INSERT INTO `users` VALUES (1,'Brandon','$2b$10$zgRYgDeWuclA5gIKWeZksu1ZRIW6kdPdTQCIr9Ks1RPjW8456jhBC','2025-02-04 21:43:08','2025-02-04 21:43:08',NULL,0,NULL,NULL),(2,'Onwaba','$2b$10$457PUErs5rsTL9R2lQh1mOEmc2fqEx8/9kQn8k19pkKH2a819zrJG','2025-02-05 08:30:02','2025-02-05 08:30:02',NULL,0,NULL,NULL),(3,'reeman','$2b$10$J28W4k/Wl3NxrD/cjIdOQ.KRQl7ADw4FnR1ThfKOa.Q9w32KXxs/a','2025-02-05 08:38:00','2025-02-05 08:38:00',NULL,0,NULL,NULL),(6,'Gary','$2b$10$gaWg0zLPERI78Rjis.hoU.jJvp58XYJvTuLv9uHgTdaawPnUEBQFy','2025-02-07 07:29:39','2025-02-07 07:29:39',NULL,0,NULL,NULL),(7,'Mihlali','$2b$10$QpjhGLvcxGKE/rTe6H.bNeSM015qv4d6VYIyLWFZ/hdomj7/JO10O','2025-02-07 07:31:44','2025-02-07 07:31:44',NULL,0,NULL,NULL),(8,'Sphe','$2b$10$DVua2lz4fykszfHPwlVPI.gV/tns75mMjeSj1CpoO5/RY/vxKuv5G','2025-02-07 07:33:20','2025-02-07 07:33:20',NULL,0,NULL,NULL),(9,'Ree','$2b$10$qSxZAU7YNLI666K10ZsqmO8YeCpwtLN1DNcYXqDap1IHlUJ1PhOza','2025-02-20 13:28:28','2025-02-20 13:28:28',NULL,0,NULL,NULL),(10,'Luber','$2b$10$tkH4csAJ84EoN4j8IYVJCecviT.7O1iK15iyIJClJi7ZLtVQWOQl6','2025-02-21 07:52:27','2025-02-21 07:52:27',NULL,0,NULL,NULL),(11,'test','$2b$10$5yFayzz7P.hrKhGgw8qzJejNC1w4Z8.FOle9cKiplkiw2aKDqazTS','2025-02-25 08:28:17','2025-02-25 08:28:17',NULL,0,NULL,NULL),(12,'Andile','$2b$10$OgAaxDems1Xck4uAimjghOeA8d6sI.cw6.kNg8blO8OM0nLlpjAuS','2025-02-27 09:04:07','2025-02-27 09:04:07',NULL,1,NULL,NULL),(13,'Lee','$2b$10$lMNXXR8LNxv82x8DTFhxWuiUwqc6yHrreNMyEflFN3SkC7K3JldEK','2025-02-27 09:21:34','2025-02-27 09:21:34',NULL,1,NULL,NULL),(14,'TJ1','$2b$10$7nH4PIrp0l/gVqPWKSbzqO7autP7Cps9UzZtHsiZ6xYcIETlZC8R6','2025-03-04 12:23:41','2025-03-04 12:23:41',NULL,0,NULL,NULL),(15,'Anelisa','$2b$10$CMfPh7iicbkj2fjhGZ..7eSCNBEk1HSBiK4STynFGsZjF7LdYbmYK','2025-03-10 20:51:55','2025-03-10 20:51:55',NULL,0,NULL,NULL),(16,'Melokuhle','$2b$10$1ugAdKkNgveU8KCIQ5P6FuUyxZiveUmSJmmKk0w1ig4eyi7tLT6Iy','2025-03-10 20:56:08','2025-03-10 20:56:08',NULL,1,NULL,NULL),(17,'annie','$2b$10$uPH8DGxC3fYWispCK/y1He3nj9agnZjvVLLj.CfJthdcs0R6fdL7W','2025-03-11 07:19:10','2025-03-11 07:19:10',NULL,0,NULL,NULL),(18,'Omphile','$2b$10$zaKU3vvbVca/wf/ZdHc1B.gu7cRsXmTqVIwrj41N9jFlIZPEWj98y','2025-03-11 08:30:33','2025-03-11 08:30:33',NULL,0,NULL,NULL),(19,'Thandi','$2b$10$ucxMf8D.AKBfcGxfUqGSRunrqKUtRA.MwVr8DeVYheLbgNN7SvVj6','2025-03-11 08:34:29','2025-03-11 08:34:29',NULL,1,NULL,NULL),(20,'Siphosethu','$2b$10$jH77kWGjEitKEhlqTlE/2un/f7RJEwBWK4dbJADgxGEbaOYd3wTIu','2025-03-26 06:59:24','2025-03-26 06:59:24',NULL,0,NULL,NULL),(21,'Nilubone','$2b$10$LcIB4sS4wri.OYv0A80gju3R2qm9m90gUXA0X6XvvitiNlLHwoKUu','2025-03-27 06:49:17','2025-03-27 06:49:17',NULL,1,NULL,NULL);
/*!40000 ALTER TABLE `users` ENABLE KEYS */;
UNLOCK TABLES;
/*!40103 SET TIME_ZONE=@OLD_TIME_ZONE */;

/*!40101 SET SQL_MODE=@OLD_SQL_MODE */;
/*!40014 SET FOREIGN_KEY_CHECKS=@OLD_FOREIGN_KEY_CHECKS */;
/*!40014 SET UNIQUE_CHECKS=@OLD_UNIQUE_CHECKS */;
/*!40101 SET CHARACTER_SET_CLIENT=@OLD_CHARACTER_SET_CLIENT */;
/*!40101 SET CHARACTER_SET_RESULTS=@OLD_CHARACTER_SET_RESULTS */;
/*!40101 SET COLLATION_CONNECTION=@OLD_COLLATION_CONNECTION */;
/*!40111 SET SQL_NOTES=@OLD_SQL_NOTES */;

-- Dump completed on 2025-04-01 11:10:26
